序号,内容
1,k
2,而且我寻思由原著漫画
3,为啥电影要专门把漫画形象改成这样
4,
5,抛开眯眯不谈
6,狮头颜色都搞错还弘扬传统文化
7,不了解南狮黄飞鸿总看过吧
8,雄狮让我们丧失了
9,审美
10,话语权
11,也没人长得像迪士尼啊
12,别的省我不知道啊
13,反正我广东省大部分知道了的应该不会看
14,所有人
15,都是这样的眼睛
16,难以原谅
17,I
18,拿了多少钱
19,被锁分了
20,挺好的电影
21,国漫能把故事讲成这样已经不错了
22,你们别黑了
23,我刚刚带小孩看完
24,只想说
25,但凡去影院看了
26,不会再纠结这么无聊的问题
27,雄狮真的值得
28,这种木偶戏
29,哪吒搞一次就够了
30,取关
31,自古以来最可恨的不是敌人而是叛徒
32,自古以来最可恨的不是敌人而是叛徒
33,自古以来最可恨的不是敌人而是叛徒
34,三次观影
35,怕不是绞尽脑汁洗
36,呵呵
37,楚
38,自古以来最可恨的不是敌人而是叛徒
39,自古以来最可恨的不是敌人而是叛徒
40,自古以来最可恨的不是敌人而是叛徒
41,自古以来最可恨的不是敌人而是叛徒
42,自古以来最可恨的不是敌人而是叛徒
43,自古以来最可恨的不是敌人而是叛徒
44,自古以来最可恨的不是敌人而是叛徒
45,自古以来最可恨的不是敌人而是叛徒
46,役
47,自古以来最可恨的不是敌人而是叛徒
48,自古以来最可恨的不是敌人而是叛徒
49,罹
50,自古以来最可恨的不是敌人而是叛徒
51,自古以来最可恨的不是敌人而是叛徒
52,自古以来最可恨的不是敌人而是叛徒
53,感觉大部分人被手机滤镜
54,美颜功能已经洗脑了
55,都觉得自己人模狗样的吧
56,面对真实就抓狂了
57,托朋友
58,呵呵
59,就问你一句
60,你哪儿来的高清片源
61,新年唯一一个红包
62,这真的是广东
63,佛山吗
64,以前关注了
65,在一人吧看见这事
66,特意来取关
67,取关了
68,现在不是吗
69,全世界都一个样分什么呢
70,我还是想吐槽
71,中国人不长这样啊
72,广东踩狮头不等于拆人家祠堂
73,不怕被开片吗
74,吃枪子吧你
75,还子弹
76,你这钱收到安心吗
77,我做出我的选择
78,不看
79,剧情真的好吗
80,挣钱嘛不磕碜
81,每个人都有每个人的审美
82,偏向于大流的审美就该被喷
83,收了多少钱
84,取关了
85,滚吧
86,一个个眼睛跟外星人似
87,自卑警告
88,人物都这么丑
89,收了多少钱
90,说吧
91,这眼睛要不要这么鬼啊
92,作死呐
93,觉得这眼睛好看的那味
94,赶紧去做整容整成这鬼样
95,这造型跟几个猿人一样
96,你扯这么多话有用
97,就回答大家一句为什么眯眯眼宽眼距叼眼梢就行
98,不错
99,八点三为什么还用问
100,滚蛋吧
101,我就是奇怪
102,主角丑怪也就算了
103,这个女孩子长得也怪怪的
104,这阿娟也太邪门了
105,我在广东二十年
106,基本没见过
107,这就不是广东人
108,说一下就行了
109,下次改还不行吗
110,流量上天了
111,央视都出来了
112,苟都不看
113,今时今日
114,有些人越来越自卑
115,骨子里的自卑
116,最可怕的就是剧情让你接受了眯眯眼
117,标题党加牵强附会
118,屁文化没有尬喊一句天生我才必有用
119,什么中国思想
120,学了又放弃去打工
121,你知不知道阿猫阿狗在粤语是什么意思啊
122,恶评的人基本都是不看动画就评论
123,平时对动漫电影不感兴趣单看外貌
124,还敢出粤语恶心人
125,个扑街
126,票房扑街
127,真是太丑了妈蛋
128,正经人谁写日记啊
129,是锁的
130,@
131,那为什么锁分
132,收了多少钱啊
133,祝你家亲戚都长这样
134,举报了
135,电影是号电影
136,但是所有任务都是眯眯眼
137,不如大鱼海棠
138,网络大批斗
139,R
140,不看
141,垃圾
142,热评全是一股脑的
143,自来水
144,按时间排序全是骂人的
145,还敢说没收钱
146,哪个收钱的会说自己收了钱
147,中国从古至今的审美就是浓眉大眼啊
148,不看
149,丑拒
150,不看
151,说眯眯眼的
152,内心有多脆弱
153,我们反对的是歧视本身
154,而不是长相
155,觉得丑可以不看
156,没必要黑
157,踩
158,如果说不是眯眯眼
159,会大卖
160,恶心
161,你不嫌这钱臭
162,给你多少钱
163,睁眼说瞎话
164,怎么感觉跳了一段
165,好你个头
166,取关
167,现在就没阶层了吗
168,这成语是李白说的
169,取关
170,夺冠了
171,还要去上海打螺丝
172,那广州挺捞的
173,谢谢你
174,你说出花儿了我也不看
175,为什么这样建模
176,给个理由
177,你收了多少推广的钱吧
178,这片子吊诡看着不舒服
179,主收了多少钱
180,这眼睛怎么看都不舒服
181,为黑而黑的人也丑陋好吧
182,这个脖子
183,被攀枝花砸过的人
184,就算你再怎么夸也是丑
185,丑
186,正经人谁
187,写日记啊
188,哇哦
189,现在的
190,都喜欢说自己没收钱了吗
191,哇哦
192,收了多少钱啊
193,别不好意思啊
194,带我一个呗
195,这段以为会有的主角光环
196,还是被无情打败了
197,就很现实
198,这是把所有的五官审丑点都挤一起了
199,这就不只是眯眯眼的问题了
200,就事论事
201,剧情可以
202,但人物建模真的受不了
203,广东人风评被害
204,退钱
205,来自广东人的问候
206,换个普通画风还有味道吗
207,还是动画吗
208,为啥总是看到眯眼的角色就觉得别人在歧视
209,拉黑了
210,硬洗
211,拿钱了还行
212,没拿钱就纯纯没脑子
213,你的作品推荐就推荐为什么要说服我们
214,滚
215,一部动漫电影剧情再好
216,它主角长那吊样谁有心情看啊哈哈
217,滚
218,真的看下去就不会纠结眼睛大还是小的事了
219,我只能做出我的选择
220,再也不见
221,这电影挺好看啊
222,如果任务建模没问题的话
223,票房至少有十倍吧
224,我会去支持的
225,罕见
226,你自己生三个家里看吧
227,比较符合
228,好归好
229,但他屁股歪了
230,垃圾罢了
231,我也当了子弹
232,前排提示
233,粉丝请先取关
234,看完再决定是否续关
235,洗把就洗把
236,D
237,唐氏患者体弱多病不很正常吗
238,充钱了吧
239,电影拍的尴尬
240,跟拍尴尬的童年
241,是两个概念吧
242,笑拉
243,角色太丑了
244,承受不来
245,离谱
246,李白是我偶像之一
247,受不了
248,这个角度很猴子呢
249,懂不懂丹凤眼
250,这眼睛是不是有点奇怪
251,|
252,雄狮少年
253,绝对好电影
254,等着国外拿奖吧
255,这脸的真的丑出境界了
256,说是韩国人我都信
257,这就只是一种风格而已
258,作品还有自己的画风的
259,建模自然也可以
260,其实我在电影院的时候从来没觉得丑过
261,我觉得女阿娟很美
262,男阿娟也很帅
263,特别是后面寸头的时候
264,这才是最要命
265,你想多对小朋友的审美影响吗
266,全片真就是烂梗一大堆
267,蒗
268,G
269,没那么尴尬
270,就不尴尬呗
271,G
272,论好看
273,难道不是师娘第一嘛
274,今天去看了
275,挺好看的
276,就是不明白特地把主角画那么丑是为了给霸凌找个理由吗
277,M
278,主要是我都没看过舞狮
279,赶紧死
280,女主真的很像我初中同学的姐姐真的好像好像
281,离谱程度堪比课程论文拿了诺贝尔奖
282,这逆天的角度和眼距
283,绝了
284,好电影
285,值得多刷几次
286,我看不懂
287,生活中好多人都是这样
288,这并不是丑化呀
289,别扣帽子了各位
290,嗯嗯嗯
291,你说得对
292,下一个
293,狮子头很贵的啊
294,兽医表示人物头部建模参考的是大猩猩
295,神级建模
296,眯眯眼忍不了
297,不会支持
298,这脖子长得吓死人
299,主角不符合大众审美
300,
301,一个没占就离谱
302,唐氏少年
303,好死
304,乖
305,这个烂钱
306,咱不恰
307,双髻鲨
308,b
309,是特指两广
310,
311,一定要分左右干么
312,别有用心
313,
314,为什么观众不能接受主角
315,接受现实呢
316,恶心
317,主角的咪咪眼比其他角色出戏太多了
318,二刷了过几天还要三刷
319,流量密码
320,最近热度低了
321,极具中国思想
322,这剧情哪有中国思想
323,唐氏少年
324,导演全家都是这样眼距
325,子子孙孙无穷馈也
326,不要脸了吗
327,捕
328,既然为了国外拿奖
329,就让国外票房补好了
330,啊对对对
331,其他都好
332,就是人物建模为何搞成这样
333,哪里的中国人长这样
334,抱歉
335,这审美我欣赏不来
336,不是为了迎合西方
337,纯粹为了挑战大众审美
338,找死吗
339,我觉得最可惜的是没有把阿珍爱上了阿强放进去
340,因为丑啊
341,不行
342,真难看的造型
343,t
344,必支持
345,正经人谁写日记啊
346,油皮有点过誉了
347,我就给它打个
348,的综合评价
349,欢迎体验么
350,年度最佳
351,祖
352,哈哈哈哈哈哈哈哈
353,这眼睛
354,魔性
355,呵呵
356,刚看了误杀
357,这个就算了反正我不看
358,建议把屏蔽器开到
359,级
360,可以屏蔽大多数弹幕
361,又是一个歪屁股的
362,主
363,怎么吹就那样
364,丑化是事实
365,可这眼睛也太小了吧
366,不吹不黑
367,确实丑
368,特别美啊
369,这个姑娘
370,电影还不错
371,视频我看完了
372,故事的确不错
373,但我不会去电影院支持
374,因为丑的刻意
375,流量有只不过都是黑流量
376,看着火热都是骂的
377,知乎上有关于剧情的吐槽了
378,可以看一下
379,该看
380,是一部充满美式思想的好电影
381,好多跪人啊
382,喜欢舔欧美爸爸的大眼睛去舔
383,看的生理不适
384,没那个福气享受
385,走了
386,这是这几年最好的动画电影
387,恶心啊
388,恶心
389,狮头样式都用错了
390,应该用黑色的
391,滚
392,多好的中华元素就这么被毁了
393,不反思以求做出更好的作品
394,还强推
395,挣钱所以昧着良心说去看
396,还道德绑架
397,可是大部人国人都是审美正常
398,并且有自我判断能力
399,玛德
400,像个鬼
401,三个主角是乡下小孩
402,类似穷人家的
403,那就是穷的广东人都是生这种很奇怪的五官小孩
404,广东人大多都是大眼睛
405,偏圆
406,广东男女大眼睛都很迷人
407,眼睫毛优秀
408,根本就不是这样
409,别洗了
410,拉倒吧
411,管你咋安利
412,就不看
413,哦哦哦哦哦哦哦
414,对
415,你不懂就来找我
416,我教你懂
417,被你骗一回
418,就再也不信你了
419,这种明着侮辱国人的片子
420,也能下口吹
421,恶心
422,镎
423,离谱
424,
425,已取关
426,
427,别避而不谈
428,你觉得这不是丑化吗
429,那你能不能说说为什么眼睛小
430,不是不需要美貌
431,是不要丑化中国可以吗
432,传统文化和国漫烂在这种人手里
433,还说什么弘扬传统文化
434,就是顶着文化来赚钱
435,如果你觉得被讲了无数遍的剧情
436,加上粗制滥造的美工算良心
437,你牛逼
438,大概就是说这电影故事线精美
439,弘扬传统文化
440,不用看了
441,这个
442,也是吹眯眯眼少年的
443,好看
444,取关
445,再见
446,看完电影之后看的解说
447,收获到新的东西
448,说得很好
449,好死
450,活该
451,我西安的我真的想看
452,就像当初的百鸟朝凤
453,我西安的
454,我就想问
455,这帮跟风喷子
456,又有几个人超过
457,岁
458,又有几个人是真人
459,不管
460,怎么夸
461,我都不会去电影院去看
462,完全看不下去
463,你这挑好的剪我都看不下去
464,我觉得美国应该展示真正的东方文化
465,你自己看看兄弟
466,美国剧里中国人都是长辫子像猴子跳着
467,被美国人追赶着快快
468,眼睛还要弄成斜眼
469,我认为这是非常过时的
470,
471,呸
472,恶心
473,就事论事
474,剧情可以
475,人物有问题
476,是没有什么东西可夸了吗只有剧情
477,上次看到一个男孩子起女人的名字
478,然后一个人被打了
479,高中毕业那年想去昆仑山修仙
480,全是这样的眼睛就感觉有点吓人
481,申奥片有了
482,怎么没得弹幕
483,原来你成年后就忘记少年时的自己了
484,太不自信了吧
485,想看
486,希望元旦还有排片
487,啊猫的脸
488,看的人恶心
489,因为恐怖谷效应本广东人接受不了
490,活该啊
491,顺德小孩父母在广州打工
492,小孩要赚钱跑到上海去就离谱
493,别洗
494,再见
495,眯眯眼
496,看了
497,还是我现在会去做的事儿
498,少女
499,没看这视频前我一直以为她是老师
500,没人看的电影是好电影
501,脑子那傻批
502,太惨了
503,正经人谁写日记啊
504,已取关
505,为西方人模式化中国人的外貌
506,垃圾
507,为什么用长江七号的片段来讲述背景故事啊
508,好
509,你要剧组来广州宣传下
510,看挨不挨打
511,迎合西方人的视角
512,讲给中国人的故事
513,垃圾
514,是不是长相所谓
515,丑陋
516,的人真的就不配当英雄或者精彩过
517,带私货的垃圾
518,你也堕落拉
519,眼睛都到太阳穴了
520,看你嘛
521,不看
522,带私货的都是垃圾
523,垃圾电影
524,支持
525,已看
526,光是这个人物建模这关就过不去
527,还扯什么
528,该说不说
529,这主角长得像锤头鲨
530,好
531,画面是挺好的
532,其他呢
533,还有什么拿的出手的吗
534,那清华美院为什么会被锤
535,先抑后扬
536,八真二假
537,的评分还好意思说
538,到贴吧去看看假评分的证据吧
539,这眼间距真的离谱
540,太离谱了
541,相由心生
542,国外的流量密码到全都是
543,这是少女
544,看片花我还以为是他妈妈
545,活该
546,他们居然没有血缘关系
547,再看我会觉得写得很差还可以写得更好
548,主收钱啦
549,相信这个电影的挺好
550,但是
551,好
552,也在被欧美价值观绑架
553,成为一神教里类似
554,少数
555,的存在
556,心里真的不舒服
557,假如带嘤跑过来给中餐下个定义
558,说吃虫子内脏才是正宗的中餐
559,为了反抗
560,我们不理他继续吃
561,似乎在坐实这个定义
562,为了反抗我们把虫子内脏剔除出去
563,似乎也在坐实这个定义
564,带嘤根本没资格定义中餐
565,我们该如何解决
566,这剧透是不是太多了
567,你不知道小眼睛的事
568,装什么
569,做自媒体的前段时间清华的事不知道么
570,不是小眼睛不正常
571,是他妈所有人都小眼睛就很不正常
572,这本就不是给中国人看的懂吗
573,黑子只会看脸定罪
574,鼽
575,全程几乎流着泪看完
576,画面
577,音乐
578,剧情我都给满分
579,说的不错
580,下次别说了
581,抛开角色
582,是个好故事
583,可惜
584,正义使者
585,你自己夸这部电影你自己看看你良心有没有发黑吧先
586,我也是
587,看完立马推荐
588,还觉得要是春节放会更应景
589,电影开头看到主角也确实觉得眼睛怎么这么斜挑
590,但没怎么在意
591,既然这部电影评价这么好
592,那票房一定非常非常高吧
593,好家伙原来它们口中高颜值的女主也长这样啊
594,锎
595,少女也是丑角
596,锎
597,钱到账没
598,J
599,这不是什么眯眯眼
600,这个眼睛都是斜的
601,U
602,可是他故事没有那么好啊
603,U
604,说实话我是广东人
605,但是啊
606,其他人的脸看着都没啥
607,唯独男主的脸真的不舒服
608,o
609,你真令人作呕
610,o
611,原画没有嘴突
612,眯眯眼
613,o
614,周五去看
615,一个所有大
616,都恰不动的那烂饭你居然还在恰
617,这种
618,不取关加举报还等什么呢
619,看到的全是眯眯眼
620,南方人普遍吊眼角
621,谁告诉你的
622,美国佬是吧
623,这
624,的小眼睛
625,斜角度
626,猴子脸
627,这不是黑化
628,我名字倒着写
629,木棉花不是凤凰花
630,别乱说
631,这个五官
632,就真的别洗了
633,广东人真不长这样子
634,我跟你谈人设
635,你跟我谈剧情
636,你不应该看三遍
637,你应该把你们家房子卖掉
638,拿所有的钱去买票房
639,这样的话他的票房会高一点
640,呸
641,好电影
642,二刷了
643,丑就是丑
644,是硬伤
645,不承认也得承认
646,自己回看视频不会觉得良心痛吗
647,真的别洗了
648,让人恶心
649,打造上出问题
650,背大锅
651,呵呵
652,说原画什么样的你倒是发啊
653,发个网址也行
654,就这人物长相
655,我就不会去看
656,这张脸白瞎了这么好的风景
657,后半段
658,收了制片方多少钱
659,放寒假了上映比较高
660,适合低龄儿童
661,我二刷可珍惜前面的这些尴尬了
662,因为后面哭惨了
663,剧情这么好
664,想不通你们这些偏要拉起对立的黑子有何居心
665,还你哦
666,呸
667,不该看
668,好可圻@表情哈哈哈哈哈哈哈
669,脚趾头抠出了三室一厅
670,看着这眼睛不隔应人吗
671,你这是抛开眯眯眼事实不谈呗
672,抛开这个事实是好电影
673,麻烦你看下原画在大谈这些
674,眼睛画大一点
675,眯眼太丑了
676,为什么是豆豆眼睛亚洲人没大眼睛吗
677,低情商
678,前后脱节
679,为什么背景里这些人的眼矩都是正常的
680,甚至眉骨眼窝更接近欧美人
681,长这样的我这辈子就见过一个
682,可是看都没看过就发表评论的人算观众吗
683,票房多少啊
684,好
685,电
686,影
687,建议划一下头骨透视图
688,看到这就可以拉黑
689,了
690,不仅不会
691,反而理性看待
692,气不气啊
693,啊
694,而且其他方面也不是处处都好啊
695,眼睛小可以
696,但不能所有人都小
697,眼距宽可以
698,但不能离谱宽
699,这种小眼睛的设置才是违反事实的滤镜
700,滚吧
701,洗
702,取关了
703,我看的时候不觉得尴尬反而很热血
704,因为主角是个小孩前面
705,关注了
706,就说一个
707,雄狮原画眼睛还蛮大
708,你细品
709,说实话
710,眯眯眼吸引了大量火力
711,所以掩盖了这部电影俗套无聊的剧情
712,人物形象符合我对韩国人的刻板印象
713,主能不能出个仿妆呀
714,
715,弹幕那么多喜欢的人赶紧多看几遍
716,用脚投票不好吗
717,抛开眯眯眼
718,这也不是一个好故事
719,只不过眯眯眼的争议掩盖了故事的缺点罢了
720,你但凡多包几次场
721,票房也不会这么多
722,别骗粉丝钱
723,豆瓣锁分了
724,照照镜子
725,看看你们身边的人
726,这话说的有水平
727,你们就是这么丑
728,爱看就去
729,不爱看就不去
730,哩嗦
731,没劲
732,剧情单薄
733,眯眯眼不喜欢
734,眼睛看着奇怪
735,吊梢眼来喽
736,支持
737,豆瓣高分可能不全是好片
738,但是不会放过任何一部烂片
739,说像李小龙的别侮辱李小龙好么
740,你自己看看李小龙是怎么评论眯眯眼的
741,啊对对对是流量密码没占
742,洗地能不能有点水平啊
743,豆瓣不是刷的
744,长得像华侨
745,混血
746,故事背景在广东
747,又是南狮
748,各种
749,致敬
750,星爷
751,却居然没有粤配
752,天天只盯着外貌
753,丝毫不关注故事内核
754,你们爸妈没教你们不要以貌取人吗
755,这取名就很不广东
756,豆瓣开分就是
757,现在一直锁分了
758,上座率这么低想象为了什么吧
759,我希望导演能再出一部叠蛄舟的
760,这上挑眼典型的欧美人对亚洲人的刻板印象
761,还用这种西方审美来作画
762,宽眼距
763,吊斜眼
764,是事实而非观点
765,活该
766,斯德哥尔摩综合征
767,睁开眼睛看看身边的孩子
768,有没有
769,长成这样的
770,钎
771,看着人物造型就不想看了
772,蒎
773,说了那么多
774,你一眯眯眼配用少年游
775,么
776,咎
777,别这样那样解释了
778,就是丑
779,恶心人的丑
780,咎
781,不看
782,就这
783,坚决不看
784,它不配
785,得了吧
786,是收钱办事
787,现在也是
788,正常人谁写日记
789,这真的是一部好电影啊
790,我学生时代不写日记
791,确实
792,当你接受了后面的激昂
793,你二刷的时候就觉得顺理成章
794,真作假时假亦真无为有处有还无
795,那些硬说眼距的怕是全都没看过就在黑
796,少女的细节
797,眼睛下有痣
798,人物自然的来有很美
799,纸飞机真的惊艳
800,既然是市场那就要有做好违背市场的心理准备
801,那就好
802,星爷
803,动员十万级自媒体人还不够流量密码吗
804,稿子写好了
805,等钱到位才发出来
806,神特么迎合歪果仁
807,谁说细长眼就不好看
808,广东人
809,广州人表示会去看这部电影
810,真的很好看
811,票房血崩
812,着眼睛很正常
813,为什么眯眯眼
814,不喜欢看长得丑的
815,就这么简单
816,豆瓣
817,这电影唯一的好处就是让我的关注列表里面少了好多
818,主
819,简单的说
820,恶心的人物审美
821,和故事的正能量就是割裂的
822,电影内容不错
823,不代表他的小眼睛就没问题
824,陈墨瞳一样的人物
825,每个男孩年轻时的幻想
826,
827,的确非常尬
828,主要故事写的不好
829,全靠鸡汤推进
830,那你去做吧
831,两眼之间的距离
832,O
833,是少年游
834,眯眼感觉不是故意的
835,眼睛不那么咪
836,还好
837,号那天去看了
838,我和朋友两个人包场
839,好
840,电
841,影
842,眼镜都长到颧骨上了
843,笑死
844,是收了多少钱啊
845,怎么卖力帮洗帮宣传
846,太正常了
847,爆裂无声也是好电影
848,有票房吗
849,青
850,哈哈哈
851,极具中国思想
852,真的好悲哀
853,个个网站加上真么多吹的怎么票房还没
854,万
855,个个网站
856,加上安利吹的都看过票房不说
857,亿
858,亿应该有了
859,火力比哪吒时候都猛
860,错了
861,这是一个中国才有的剧本
862,每一场舞狮都非常美
863,为什么非要把人物画成这样呢
864,
865,这是今年最好看的电影
866,给人脸部打个码
867,我也经常看打码
868,眼睛太膈应人了
869,你说人们审美被强了而不自知
870,人们觉得你被当枪使而不自知
871,人们是因为丑才骂
872,塑造得好的角色即使丑人民也照样喜爱
873,你根本没搞明白人们在骂什么
874,正常人谁写日记啊
875,可以暂停一下
876,看看主角跪在地上哭泣时他脸上的表情和五官协调性
877,是不是很自然
878,那么问题就来了
879,为什么那么多时候是不自然的呢
880,照着韩国人画的那个
881,还真的是有那味儿
882,电影从来没有要求观众什么
883,那些不看电影就跟风差评甚至辱骂电影及真正的观众的人根本没看过电影
884,算什么观众
885,知乎评论
886,从左眼到右眼
887,打车要
888,块钱
889,这电影真的很美
890,但不得不说那五官
891,R
892,小眼睛有什么是那些长着蒙古褶的眯眯眼的人很难看而已
893,啊这
894,活该
895,莒
896,走
897,赶紧走
898,除了周琦
899,谁长这样
900,这人物第一眼就没看下去的欲望
901,评分低了
902,在我心里
903,分以上
904,狗都不看
905,不不不
906,前面是真的烂
907,前半段及其生硬
908,后半段才进入状态
909,傺
910,青菜萝卜各有所爱
911,醒狮文化真的很值得传承
912,从来不写日记的
913,其实承认眼睛建模不周
914,有问题很难吗
915,非要和观众对着干
916,燃
917,前一阵流行的西红柿妆不就是吊眼
918,
919,不收钱如果还决定雄狮少年的造型好那就是自己有问题
920,z
921,所以
922,要开始洗了吗
923,耒
924,毛不易唱的真的很好听
925,我和朋友讲他们都不知道害
926,不是
927,导演真不知道一头狮头有多贵啊
928,得有多有钱才能送得起一头狮
929,它不配
930,好死
931,人物形象
932,尤其是眼睛
933,不照这美国人对中国人容貌的偏见画的嘛
934,缅
935,我自己身为广东人表示很满意
936,还想让他们再出一部英歌舞的
937,中二怎么了
938,我再看只会热血沸腾
939,这就是攀枝花呀
940,
941,不理想就对了
942,活该
943,腺
944,阿猫叫刘福军
945,啊狗叫刘志雄
946,没记错的话哈哈哈
947,第一反应是好丑啊
948,简直就是给外国人看的
949,咋就是说别自己先跪下行吗
950,我特别喜欢阿猫
951,好可爱
952,阿娟在现实中竟然真的没办法翻身
953,扯上星爷干嘛
954,小眼睛还可以呀
955,这个阿娟和我同事好像
956,眼睛超级像
957,
958,这种建模看上去就像是为了海外市场
959,写实
960,我身边没有长这样的
961,难看也不是这种
962,星爷
963,几个主演丑的一样
964,夹带私货太明显了
965,丑
966,粤语歌很好听
967,听时都哭了
968,蛆
969,大话西游就是票房很低
970,这眼睛很难不出戏啊
971,剧情一般
972,整体质量还行
973,但还不至于惊艳
974,看了这部电影
975,看着激动又感动
976,都很有意思
977,除了人物形象
978,其他
979,分吧
980,现在不也是一样么
981,国漫之光
982,动漫就一定要美型
983,就不能写实
984,看来也是来洗的
985,不用洗了
986,豆瓣
987,唐氏综合征有什么症状
988,患儿具明显的特殊面容体征
989,如眼距宽
990,鼻根低平
991,眼裂小
992,眼外侧上斜
993,这也不丑啊角色
994,r
995,唐氏综合征有什么症状
996,患儿具明显的特殊面容体征
997,如眼距宽
998,鼻根低平
999,眼裂小
1000,眼外侧上斜
1001,这导演照着唐氏综合征采风吧唐氏综合征有什么症状
1002,患儿具明显的特殊面容体征
1003,如眼距宽
1004,鼻根低平
1005,眼裂小
1006,眼外侧上斜
1007,严重同意
1008,前面的别代表广东人
1009,你老卤边个啊
1010,广东人什么意见
1011,广东人出来说一说
1012,人民群众的眼睛是雪亮的
1013,看看这部片子的票房就知道了
1014,正常的眼睛
1015,本来可以封神
1016,非要搞这套让人不适
1017,后果只能自己承担咯
1018,我实在不明白是为了什么
1019,这么大的宣传量
1020,想让人花钱看
1021,还要搞这一套不讨喜的东西
1022,为什么一定要搞个小眼睛
1023,
1024,我看了电影后
1025,在猫眼直接给了个
1026,分
1027,艺
1028,所以明明可以好好的整个人设
1029,非要搞个小眼睛
1030,这脸叫好看
1031,电影好看
1032,但是受不了这种长相
1033,扑街我觉得扑得好
1034,
1035,你看长江七号愤怒了
1036,榷
1037,票房扑街该遭
1038,非要弄这个形象
1039,大众不接受了怪大众审美问题
1040,审美垃圾
1041,
1042,你对不起你这个
1043,滚吧
1044,这角色像不像星际宝贝的强霸把中间的眼睛去了
1045,翻译
1046,电影前半段是垃圾
1047,绌
1048,阿猫阿狗在广东话里面特别不礼貌
1049,真心希望你这是收了钱发的视频
1050,呵呵
1051,这建模故意恶心人
1052,你不是所有广东人
1053,茺
1054,看完
1055,后面真的感动我了
1056,就没有一个人真的看了视频
1057,好美
1058,这
1059,是
1060,这个剧情就不咋地
1061,冲这人物建模眼睛就不看
1062,其实当初海贼王也是被很多人鄙视
1063,但那又怎样
1064,好就是好
1065,感动就是感动
1066,前面那个人脑子里只有好莱坞是吧
1067,这里是中国
1068,这是中国作品
1069,丹凤眼
1070,丑死了
1071,
1072,喷眯眯眼的都是不知人间疾苦的小孩子吧
1073,
1074,泪目
1075,支持
1076,保护
1077,X
1078,这眼睛
1079,看完了
1080,电影剧情画面很好
1081,角色设计真不好
1082,这这眼距
1083,离谱
1084,k
1085,侮辱广东人
1086,既然内容那么好
1087,为啥要用个眯眯眼
1088,等免费版上来白嫖不香吗
1089,以
1090,这人物画的咋这么不想中国人呢
1091,卧槽这眼也太猛了
1092,t
1093,广东人不看
1094,我们广东人可不是这种小眼睛
1095,琐
1096,为什么要用最大的恶意揣测
1097,
1098,璐
1099,制作组也许是为了贴合人物性格也许是为了搞笑效果但看过电影就知道绝对不带恶意啊
1100,瘐
1101,为什么要执着于眼睛我真的不懂
1102,丑的这么刻意还能洗
1103,W
1104,看了电影后
1105,听你重新讲我都想哭
1106,等我考完研拜托了
1107,这个电影真的好看
1108,动画可以不写实
1109,但是既然是人
1110,就应该三庭五眼的基础上改动
1111,而不是刻意把眼距拉到可以塞进一个拳头大的距离
1112,这也太丑了
1113,现在没有吗
1114,好死
1115,这样优秀的传统文化输出不去支持一下
1116,以后就更别提了
1117,资本都不敢跟了
1118,被人家当枪使怼自家优秀传统文化输出
1119,可能大家不支持的西方正在看笑话呢
1120,眼距不像个人
1121,你眼睛可以小
1122,能不能客观看待一下
1123,就因为一个眯眯眼
1124,它真的是有用心传播中华文化的
1125,
1126,它里面有很多传播中华优秀传统文化的点啊
1127,就因为一个眯眯眼上升到
1128,才是对自己文化的不自信
1129,没必要
1130,我把
1131,空间的内容全清了
1132,哈哈
1133,说再多我叶不看
1134,还药动员我的家人朋友不看
1135,狮子的建模实在太棒了
1136,后面
1137,分钟可以封神
1138,
1139,真的好丑啊这形象
1140,闪现跟了
1141,
1142,有人说广东人都长这样
1143,我不是广东人
1144,但也知道广东帅哥美女好看的很
1145,广东人不背这锅
1146,B
1147,觉得无聊去电影院看的
1148,非常惊艳
1149,值得一看
1150,你这是回避问题
1151,三观不正电影活该没票房哈哈哈
1152,
1153,一个没站
1154,片方真是舍得下本钱啊
1155,这么
1156,主推荐
1157,几位主角的名字
1158,阿猫阿狗周围娟
1159,在广东可不是好名字
1160,皖
1161,一群唐氏儿的狂欢
1162,q
1163,丑就一个字
1164,收了多少钱啊
1165,给我整笑了
1166,你如果眼睛大一点也行
1167,整得这么小而且和欧美国家对华人刻板印象那么像
1168,好看
1169,
1170,啊对对对对
1171,眼镜小没什么
1172,眼距太离谱了
1173,m然但是
1174,@是赢影
1175,人物外O是很重要的一部分
1176,@部分有大h
1177,Y果不好不是理所然
1178,看评论区和弹幕
1179,笑死了
1180,国内新流量密码吗
1181,不不不
1182,日本人都是卡姿兰大眼睛占脸的一半
1183,鼻子嘴巴就一条线
1184,下巴尖得像锥子
1185,眼睛没问题啊
1186,昨天去看了
1187,我觉得挺好看的啊
1188,我看了
1189,觉得主角丑可以
1190,但是别动不动就眯眯眼
1191,中国人长什么样
1192,你说说看
1193,难道都是大眼睛尖下巴
1194,瞳孔里开花的那种
1195,巧克力味的
1196,
1197,实在不懂为啥这么在意建模
1198,就不能先看剧情么
1199,这个眼睛
1200,d
1201,正经人谁写日记
1202,那你们去看看中国传统古画
1203,眼睛还要细长
1204,间距还要大
1205,这穿白
1206,的姑娘眼睛不是挺正常的吗
1207,哪里跟眯眯眼有关系了
1208,s
1209,我就
1210,想问这眼睛是什么意思
1211,它的丑又不是这部电影的主题
1212,当初一堆
1213,带节奏骂清华美院我就觉得很奇怪
1214,你看的是服装又不是模特妆容
1215,国漫不从来都是刻意煽情呵呵
1216,狗都不看
1217,你说的都对
1218,可是中国人不长这样
1219,可是中国人不长这样啊
1220,木棉是广东常见树种
1221,比如行道树
1222,这个细节有击中
1223,所以你也拿钱了
1224,那时候的广东人眼距很宽
1225,好丑
1226,不看
1227,我是不会这个诡异的画风看着就不舒服
1228,保护
1229,鼽
1230,说了一大堆
1231,爷不在乎
1232,既然他选择了这个画风
1233,那就接受这个后果挺好
1234,默认收钱处理
1235,萎
1236,故事优于哪吒
1237,画面和哪吒一样不喜欢
1238,总结
1239,我最喜欢大圣
1240,Q
1241,W
1242,活该这部电影倍抵制
1243,票房差
1244,Q
1245,甚
1246,花红山
1247,解析
1248,Q
1249,呵呵
1250,你不能丑到所有广东人都长这样子
1251,Q
1252,眚
1253,活该
1254,后
1255,取关所有为这部电影洗地的
1256,看了
1257,评论区就放心了
1258,篚
1259,罕见
1260,该
1261,写日记
1262,你太看得起我们了
1263,我们正经人谁会写日记啊
1264,现在真是沙文主义盛行的时代
1265,一个没占是指
1266,题材不行
1267,很难获得眼球
1268,眼睛这样弄不好看啊
1269,最好笑的是
1270,一个
1271,用户把主动宣传雄狮少年的
1272,取关表明自己态度
1273,一群没看过的人喷的如此真情实感就很神奇
1274,的用户脑子里只有拿钱办事四个字
1275,在电影上映前整整喷了两天
1276,至今仍是厕所里的石头
1277,就这画风再好看也不看
1278,M
1279,这名字在广东是臭鱼烂虾的意思
1280,那个阿猫
1281,真的好像阿猫阿狗啊
1282,看过了
1283,很好看
1284,推荐
1285,
1286,你们说的都对
1287,那么坚定的不去看能不能退出视频了
1288,一会又说大眼睛白皮肤是西化审美
1289,一会又说小眼睛小鼻子是西方刻板印象
1290,我的立场
1291,让我不在意他讲的故事好不好
1292,一代代人奋斗努力实现的目标可不是让我们随便丢弃的
1293,不看
1294,再见
1295,家里小孩说这人丑
1296,我小孩审美出现问题了
1297,不是说眼小
1298,但凡稍微大一点看着也协调
1299,建模太丑
1300,豆瓣评分是刷的
1301,
1302,这可不是攀枝花
1303,n
1304,哈哈哈哈哈
1305,笑尿
1306,洗吧
1307,你可以选着你的思想
1308,我可以选着不看
1309,
1310,他不是没占
1311,他是踩雷了
1312,国内的流量密码没占
1313,洋爹的流量密码可是占完了
1314,我眼睛就长这样
1315,看了网上的评论都不敢说话了
1316,唉
1317,应该是准备拿到外国电影节上去的吧
1318,阿娟爱上了阿娟
1319,这脸也太高级了
1320,拜拜了您嘞
1321,
1322,就得大眼睛才好看
1323,英雄花
1324,不该看
1325,一点不难受的咪咪眼
1326,低俗的审美有待提高
1327,不要吝啬你的倒拇指
1328,T
1329,真不要脸这些弹幕没看的不要哔哔
1330,丑就是丑
1331,但这真没必要上纲上线
1332,不想看也请嘴下留情
1333,二刷支持它
1334,又要加一个黑名单了
1335,我手好累
1336,
1337,前面的
1338,这就不正常了吗
1339,q
1340,不是很理想
1341,f
1342,是啊
1343,少年是有股子中二感的
1344,太正常不过了
1345,有钱大家一起赚
1346,人家电影明确说了主角就是丑啊
1347,~
1348,木棉花也叫凤凰花
1349,拒绝观看
1350,M
1351,_
1352,你看看这一张张脸
1353,怎么能不让人误会
1354,明显的歧视啊
1355,l
1356,谢谢你
1357,
1358,
1359,只能说这种眼只适合水墨风
1360,吧
1361,做成
1362,还是偏写实的就诡异了
1363,就像日系二次元大眼也不适合做成这种偏写实的
1364,剧情太俗套了
1365,这里剧情俗套了
1366,好不好看不知道
1367,但是丑是不看的动力
1368,好多机器人弹幕
1369,豆瓣锁分
1370,这眼间距是认真的吗
1371,s
1372,片方说了
1373,你们广东人就长着挫样
1374,爱看不看
1375,你这只能说编剧好
1376,但编剧这么搞
1377,也是迎合西方
1378,全片这这配音找不到
1379,两只眼睛中间的间距能塞得下两只眼睛
1380,哈哈哈哈确实
1381,是不是满庭芳
1382,络
1383,正常人会三刷吗
1384,V
1385,这是为啥
1386,自己不清楚
1387,一篇老师们眼中的
1388,高分
1389,议论文
1390,洗的挺卖力
1391,标题也很震人
1392,洗的很好
1393,可我就不去看
1394,白蛇就让人看得很正常很舒服
1395,但凡审美正常画不出这种雄狮脸
1396,不该
1397,哈哈哈
1398,听音乐就哭了
1399,不该看
1400,地址到底
1401,这少女确定不是主角她妈
1402,这里面还有黑人因素
1403,对啊
1404,
1405,大家去搜狮子照片就理解眼睛设计问题了
1406,看了彩蛋的话就知道这是一个中国故事了
1407,推荐的
1408,好看
1409,估计是有人故意截图
1410,看影片
1411,也不觉得眼睛小啊
1412,是不是中国人你决定
1413,笑死
1414,不仅要看
1415,还要大方宣传好看
1416,自信点
1417,不要怕
1418,但它丑
1419,而且是我不能接受的丑
1420,剧情
1421,立意
1422,画面都不错
1423,但是人物形象真的没明白
1424,Z
1425,我看
1426,空间都要抠脚
1427,
1428,整体看下来很震撼
1429,是啊
1430,我想起了小学的日记
1431,等这电影上映海外
1432,看看会被亚裔举报不
1433,我就想问问
1434,这个师傅
1435,造型为什么是这么美国
1436,但
1437,这片后台这么硬
1438,
1439,^
1440,做你
1441,收钱说话就是硬气
1442,\
1443,没那么尴尬还是尴尬
1444,大可不必
1445,前面就是非常尴尬
1446,后面也有一些尴尬之处
1447,请不要因为表达的精神好就刻意忽略剧情烂
1448,肖申克的救赎票房也不好
1449,这眼睛太宽了
1450,
1451,我寻思小眼睛就不正常了
1452,不是小眼睛的事
1453,可是我觉得人物设计不丑啊
1454,眼睛大就是好
1455,眼睛小就不好
1456,太极端了吧
1457,啊对对对对对
1458,酐
1459,其实去
1460,看看自己以前发的说说就知道了
1461,东方人那个是谣言
1462,还在这里传谣言呢
1463,没有统一眯眯眼好吗
1464,真的醉了
1465,天我以为是妈妈
1466,d
1467,中二怎么了
1468,生活都这么苦了
1469,笑死了
1470,全怪我们审美不行是吧
1471,
1472,看过了
1473,好看
1474,活该
1475,我喜欢很多动画电影
1476,但是这部不会去看
1477,太丑了
1478,这名字嫩果
1479,好有钱
1480,站都屠版了
1481,有钱好好制作作品可以不
1482,花钱宣传就不是垃圾了
1483,你可以把观点放在开头
1484,一个电影让人尴尬不是证明没做好吗
1485,君子不立于危墙之下
1486,明知道观众不买账
1487,却执意而为
1488,不管初心是好是坏
1489,都应该自己承担
1490,而不应该要求观众
1491,懂了
1492,前半部是垃圾
1493,结尾勉强能看
1494,这眼睛为什么不能画正常点
1495,说豆瓣没公信力真是好笑
1496,豆瓣锁分了
1497,真是一部好电影呢呵呵
1498,评论和弹幕完全两种态度
1499,此生无悔入华夏
1500,大家都是眯眼人
1501,确实狗确实不看
1502,有的人眼里只有小眼睛
1503,迷惑
1504,你这话正常么
1505,小眼睛的就不算正常人
1506,锁个鬼评分
1507,分又涨
1508,正经人谁写日记啊
1509,越看越气了
1510,画面能做这么好看非要把人做成让人不适的样子
1511,和你意见不同的都是水军
1512,豆瓣评分不行了
1513,我觉得知乎推荐度还是能看的
1514,三刷
1515,推荐
1516,好看
1517,说外貌的才真是被国外洗脑了
1518,形成固定思维了
1519,阿猫像瘦猴
1520,阿狗像肥猪
1521,有些人觉得电影由偏见
1522,殊不知是自己带着偏见
1523,再见拉黑
1524,所以你在讲什么
1525,好电影
1526,后面成长蜕变之后的阿娟比在座的大多数黑子都要帅
1527,
1528,水军真多
1529,水军都看了票房那么低
1530,好尬啊
1531,有点被劝退
1532,那几个年轻的就是真人也不好看啊
1533,这个老头就让人很顺眼啊
1534,嗯
1535,要是不喜欢的话请左上角退出好吗
1536,姐妹们
1537,导演说导演说这是写实
1538,广东人都长这样哟
1539,就很不理解
1540,太勇了
1541,这个电影要等到正名至少要五到十年
1542,现在网民敏感得恨不得直接搞
1543,睡会听你好好说呢
1544,|
1545,不该
1546,看就是在鼓励这种审美
1547,电影不只需要追求剧情
1548,还有人物形象
1549,过于恶心
1550,国产动漫这种水军洗脑实在恐怖
1551,最让我感动的居然是师娘
1552,
1553,那些道德绑架的人
1554,这电影
1555,公主都推荐了
1556,我这周去看
1557,说实话没觉得丑
1558,丑的动漫主角那么多
1559,哪个引起过这么大争议的
1560,这眼距也是没谁了
1561,那些道德绑架人不去看的是什么心态
1562,这个脸要是换成
1563,我觉得效果更好
1564,海风配这个眼真的很难看
1565,人物画风确实看着奇怪
1566,师娘很好看啊
1567,他们就只揪着阿猫阿娟丑说话
1568,师娘那么好看他们就实物不见
1569,笑死了
1570,好电影会没票房
1571,号看的
1572,很好看
1573,跟题材有什么关系
1574,就是因为眯眯眼
1575,睁眼说瞎话
1576,这么铺天盖地的流量宣传
1577,没沾密码
1578,逗呢
1579,取关
1580,央视
1581,你们要有民族自信
1582,老实说哪个中国人长这样
1583,电影是买方市场
1584,我不喜欢就就可以不看
1585,你凭什么攻击观众审美低
1586,自卑
1587,忘掉眯眯眼和他画眯眯眼有关系吗
1588,不画还有啥忘不忘的
1589,磺
1590,看着阿娟从瘦弱的身躯
1591,慢慢被生活磨成小有肌肉了
1592,真的很有代入感
1593,Y
1594,祺
1595,为了迎合外国人审美
1596,突出
1597,中国人的形象
1598,这是人类
1599,
1600,我没看过电影想做个理智的人
1601,但还是
1602,这眼睛也太
1603,
1604,昨天刚刚看了
1605,很好看
1606,
1607,眼睛中间都能把你塞进去了
1608,想去
1609,可惜电影院不开门
1610,虽然前期不好看
1611,但是剪了头发直起腰之后真的很精神
1612,炻
1613,属实牛
1614,在学校我就老想着被木棉砸中会不会有好运
1615,不过也没见哪个人被砸中过
1616,站魔怔人太蠢了
1617,特别好听
1618,j
1619,看以前发的
1620,动态就行了
1621,就是不行而已
1622,东亚病夫的牌匾踢碎还没几年呢
1623,就给自己安眯眯眼啦
1624,离开美颜滤镜你长这样
1625,这可跟
1626,周正
1627,毫不相关
1628,想想流浪地球那段演讲都被黑成什么样了
1629,明明就是一个被赶鸭子上架的中学生的正常表现
1630,V
1631,如果中国文化软实力足够强大
1632,可以审丑
1633,但
1634,现在是吗
1635,拖后腿的电影
1636,滚
1637,丑的方式有很多种
1638,偏偏选择评论最多的
1639,挣钱嘛
1640,不寒碜
1641,
1642,有山先生
1643,确实
1644,男主进城打工之后观影体验坐火箭一样提升
1645,我以为啊娟是女的
1646,用两币支持你的观点
1647,最底层的真实
1648,研究生毕业也在工地
1649,很现实
1650,好听
1651,我和儿子也是眯眯眼
1652,很美啊
1653,好电影正能量
1654,确实丑
1655,故事非常好
1656,看到我自己的
1657,动态才知道自己这么
1658,黄种人长相相差真的不明显
1659,不要挑长相的刺了
1660,就冲
1661,主的简介
1662,三连了
1663,不觉得像韩国人啊
1664,中国也有吊眼的人
1665,电影叙事如果按照
1666,的结构来展开
1667,那本来尴尬得抠脚的那些地方就不会这么尴尬了
1668,文戏不行就是不行
1669,前半段剧情拉垮就是拉胯
1670,哪那么多解释
1671,恰这种懒钱的后代都跟主角一个模板怎么样
1672,东莞人表示最近限娱
1673,不敢去影院
1674,加大力度
1675,给爷凉
1676,老实做镖人吧
1677,现在也一样是
1678,确实前半部分很尬
1679,但是一种后面成长的铺垫
1680,那是红啊
1681,都黑了
1682,这个电影所有
1683,都很绝
1684,去看了
1685,非常好看
1686,希望大家多用自己的脑子
1687,谁说只有大眼睛白皮肤才是美
1688,谁说只有美女帅哥我才是主角
1689,这就是一个讲一个平凡的人的
1690,英雄故事
1691,勇气可嘉啊
1692,兄弟
1693,票房又是被爆杀的一天
1694,都要去看都要去看
1695,不会让你失望的
1696,说实话
1697,这眼睛看上去真不别扭
1698,强烈要求打码眼睛
1699,正经人谁写日记
1700,应该是天生我才必有用
1701,请收下我的膝盖
1702,这
1703,是个动画
1704,人物一定要写实
1705,俺也是这种感觉
1706,西安封了
1707,不然就去支持了
1708,这个片中曲真好听
1709,丑就丑吧
1710,非的讲那么多
1711,故意刻画的那么丑
1712,真是
1713,了
1714,啊哈哈哈哈哈哈哈
1715,加油
1716,对
1717,好多人洗啊
1718,拉黑家举报拜拜了您
1719,为什么都是一个脸啊
1720,就冲你这开头
1721,后面想说什么我都不看了
1722,我就一个字
1723,曹
1724,确实
1725,为何非要纠结于眯眯眼
1726,这农村场景简直一模一样
1727,这种眼睛你在现实里能看到多少
1728,
1729,彳
1730,穷丑挫的农村孩子配不配成为主角电影和现实都展现了这一点
1731,豆瓣已经相对公正了
1732,你看看误杀
1733,豆瓣分
1734,其实我觉得有点像李小龙
1735,支持
1736,鼽
1737,这眼睛都快竖着了
1738,所以导演有没有说过广东人就长这样
1739,除了
1740,站几个
1741,忽悠着小朋友风评较好
1742,其他平台骂疯了
1743,问越看越像越南猴子
1744,不行
1745,还是接受不了这些脸
1746,就是感觉不对劲儿
1747,有点哈人
1748,广东人都有个外号
1749,黑子只会看脸定罪
1750,鼽
1751,没事
1752,我喜欢剧透
1753,哎
1754,别洗了
1755,为什么都是小眼镜
1756,为了迎合西方人的审美吗
1757,人家就准备好好看完找出
1758,主说的不严谨的地方好喷一通
1759,许三多都比它好看
1760,太
1761,丑
1762,了
1763,小眼睛并不是问题
1764,宽眼距加
1765,吊眼角才是关键
1766,而且三个主角丑的如此统一
1767,这叫什么审美多元化和多样化
1768,眯眯眼
1769,我觉得形象没什么问题啊
1770,取关了
1771,顶
1772,主
1773,养家之人中年人觉得影片传递了很正的信念
1774,总觉得少女阿娟是不是跟少年阿娟有点像
1775,弹幕来了
1776,太好了
1777,省了买房钱
1778,考完研一定去
1779,请问这是什么外星人吗
1780,只看过剧照
1781,太
1782,丑
1783,了
1784,统一眯眯眼就很过分了
1785,女主真的好好看我当时看点映就好喜欢
1786,清秀灵动
1787,一个没占
1788,人物眼睛好难受
1789,我小时候父母也去广东打工
1790,我真的很有共鸣
1791,小眼睛和调眼不一样
1792,对中国观众太有信心了
1793,翻车了
1794,天作孽有可还
1795,自作孽不可活
1796,最好看的是师母
1797,里面女主很好看
1798,豆瓣
1799,狗才信它
1800,原来你就是那个不正经的人啊
1801,钱给的更多了是吧
1802,烂片
1803,d
1804,现在也是这样
1805,这脸模照着韩国人画的
1806,这么多洗白的
1807,你们猜猜电影的起源是画面还是故事
1808,有一说一
1809,提采很好
1810,拍的很烂
1811,丑
1812,星爷
1813,就因为这个建模
1814,被人喷了
1815,这眼睛真看着难受
1816,还有这个动画团队之后的发言的态度
1817,非常让人不舒服
1818,非常的恶劣
1819,阿婆主邓菜籽的分析
1820,分析的很好
1821,让人感觉到不舒服
1822,就是因为他的五官设计
1823,不符合人体的合理性
1824,女生看起来还不错
1825,可惜小眼睛
1826,为什么总是这样为了优质内容可以罔顾事实
1827,夹带的私货眯眯眼形象你怎么能够忽视
1828,工地赶工不是那么的常见
1829,毕竟这么多人员设备加班费真的挺贵的
1830,机械也不愿意做
1831,明知道眼睛会影响票房
1832,还是继续做小眼宽眼距整刻板印象
1833,偷换概念
1834,转移矛盾
1835,又当又立
1836,你的烂钱香吗
1837,空口鉴水军
1838,前面是什么钛合金眼
1839,我可以不黑电影
1840,但我也不会去看
1841,因为票房高了他们下次还敢
1842,还强调自己是成年人
1843,这动漫不是清一色的小眼
1844,我自己就是小眼
1845,这个时候眼睛的大小又变得正常了
1846,不要有偏见
1847,眼睛小
1848,无所谓这眼距是怎么一会事
1849,这么大一个坑
1850,看到了还去跳
1851,这不欠
1852,长江七号
1853,这种社会环境去碰这种敏感点就是作
1854,活该而已
1855,接着编接着洗
1856,真是不知道怎么来的
1857,周边看完的都没觉得有那么好
1858,好个屁
1859,前半段全程尬
1860,剧情差
1861,画面好是真的
1862,这部推荐
1863,好看
1864,看的时候
1865,剧情会让你忘掉眯眯眼的
1866,这不就是一个个普通人的样子
1867,谁会在柴米油盐的生活中光鲜亮丽得像明星一样啊
1868,年度最佳好吗
1869,我表弟确实叫阿狗
1870,长大不让这么叫他
1871,不过他爸是阳江那边的
1872,现在没有
1873,张口就来啊
1874,空口鉴抄
1875,周冬雨
1876,要不把哪吒也改成眯眯眼
1877,眯眯眼着实丑
1878,眯眯眼
1879,丑的不是小眼睛是眼间距
1880,明明可以避免
1881,现在的人不知道有多自卑
1882,都在工地上打工的吧
1883,还嘲笑韩国
1884,五十步笑百步
1885,怎么清一色都是这小眼睛
1886,觉得好看的
1887,下一部尚气你也许也会觉得好看
1888,漫画
1889,你也能觉得挺帅了
1890,让你一点一点的接受眯眯眼
1891,用好故事让你接受眯眯眼
1892,然后
1893,下一部咪咪眼就有理由接受了
1894,自信点
1895,想给外国人看就别在乎国内票房
1896,动画师表示没限制
1897,觉得好的已经被影响了
1898,背景小广告都画的很真实
1899,作为从小地方出来的
1900,得了吧
1901,我也眼睛小
1902,但我也是中国人
1903,解说得真好
1904,二刷了
1905,纸飞机
1906,好听
1907,b
1908,要不是这唐氏综合征主角早自来水一大堆了
1909,掎
1910,我也三刷了
1911,还等着电影出粤语版
1912,所以中国电影不能用流量明星
1913,小眼睛怎么了
1914,生活里
1915,我感慨的是强哥
1916,看到自己的状态
1917,长的恶心还不让人说了
1918,收钱办事
1919,恶心
1920,我还以为这是他妈妈
1921,现在没有吗
1922,真是巧
1923,三个没有血缘关系的主角五官眉目鼻眼丑得一毛一样
1924,都是宽眼距小眼睛
1925,觉得
1926,丑
1927,的目的是为了代表留守儿童
1928,因为大部分留守儿童没有父母在身边
1929,确实邋遢
1930,就算好电影夹着私活
1931,算了
1932,广东人不是长这样
1933,因为他们眼中有光了
1934,电影里都说了要接受现实
1935,既然如此制作组也要接受主角影响带来的
1936,现实
1937,同感
1938,没有台词的地方就不错
1939,不喜欢
1940,我不会去看
1941,了
1942,伦
1943,前面空口鉴抄袭可还行
1944,
1945,挣钱嘛
1946,不寒颤
1947,中国思想
1948,迎合西方
1949,眼睛睁大一点还好看一点
1950,把你的国粹用最恶心的形象呈现给你
1951,看还是不看
1952,人物我在影院观看没有任何不适
1953,前面的我可以告诉你
1954,刺客伍六七也入围了那个法国电影节
1955,大虞海棠跟罗小黑战记一样拿了奖
1956,你是有多不自信才觉得中国的动画电影能拿奖
1957,都是靠迎合外国人
1958,反正我不看
1959,为什么这些人眼睛的距离都这么开
1960,佛山人去广州打工
1961,好看
1962,眼距才是重点
1963,就冲着眯眯眼
1964,平常不会发言的我
1965,点踩了
1966,我超想去看的
1967,但是西安现在疫情严重了
1968,我实在不能去电影院贡献票房了
1969,只求破站能买付费都行
1970,清明节前后才开的木棉花
1971,自从西方资本树了一套东方人刻板形象的标准
1972,真正艺术创作者都不敢用类似的形象了
1973,因为会有一批人按照西方资本树立的标准来要求自己人
1974,我想他们应该觉得这个标准很合理吧
1975,活该
1976,不妨听听
1977,怎么讲
1978,完了完了
1979,全
1980,站都收钱了
1981,上了大学才有了兴趣
1982,却只能羡慕那些高考前就选择了这些兴趣方向的同龄人
1983,甚至显得弥足珍贵
1984,加一
1985,不管你认不认关了美颜卸了妆
1986,大部分就是大饼脸和小眼睛
1987,别眯眯眼眯眯眼
1988,叨叨个没完
1989,哦
1990,是水军
1991,没事了
1992,举报了
1993,一人解析很棒
1994,谢谢
1995,再见
1996,活该
1997,别说日记
1998,我看回自己的
1999,说说
2000,是想离开这个地球的程度哈哈哈
2001,就看
2002,就是玩
2003,尚气为啥被禁
2004,不是因为选角这么简单吧
2005,主要还不是因为它的设定跟世界观有问题
2006,只要是进行人身攻击的酒绝对不是什么好鸟不是坏就是蠢
2007,真的
2008,还被一群人围攻
2009,气得我呀
2010,木棉花广东标配
2011,空间就是日记
2012,好看
2013,的确
2014,好看
2015,今天去看了真的很好
2016,号刚看过真的真的好看
2017,今年最好的国产电影
2018,没有之一
2019,活该
2020,恶心观众就该付出代价
2021,打开
2022,空间翻开以前的动态
2023,发现我以前那么中二
2024,得了吧
2025,快占完了
2026,国漫
2027,央视夸
2028,得了吧
2029,我
2030,关注了这么个垃圾
2031,主
2032,电影索尼克形象设计不好就改了
2033,当然你可以不改我可以不看
2034,人物辨识度不高
2035,动画大忌
2036,必须要通过一个剪影就能就识别人物
2037,长江七号
2038,这个故事几乎没有原创性
2039,抄袭使观众愤怒
2040,这种人脸感觉不适合
2041,一个两个就算了各个都是就离谱
2042,怪他生不逢时吧
2043,要吵去u^
2044,不要在@e影e人的心情
2045,不用看日记
2046,看
2047,空间就行了
2048,就是国内这群看脸的人太多
2049,所以国产剧小鲜肉横行
2050,连台词都不用背
2051,有脸就行了
2052,就是
2053,真的佛都有火
2054,在每个视频下跳
2055,不看就滚蛋啊
2056,正经人谁写日记
2057,不要强求
2058,很多东西和时代背景有关
2059,以后吧
2060,电影发布出来恶心人
2061,评价一下就走
2062,看不进去你还这视频浪费
2063,分钟的时间
2064,你可真闲啊
2065,自己的游戏也借鉴一下唐氏少年呗
2066,指不定大卖呢是吧
2067,大部分人都这么认为
2068,那个眼睛就是不对劲
2069,眼睛上吊不好
2070,有一两个眯眯眼是审美多样化
2071,全片都是就过分了
2072,还说广东人就长这样
2073,这谁开心
2074,对对对
2075,我是觉得女主巨好看好吗
2076,男主是因为设定上就不是帅哥长得不帅有问题吗
2077,正经人谁写日记啊
2078,对的
2079,我二刷时就觉得
2080,前半的理想主义式口号
2081,又何尝不是为后半回归现实做铺垫呢
2082,确实
2083,高中写了不少日记
2084,现在看来矫情的一比
2085,关公不睁眼
2086,睁眼要杀人
2087,关公丹凤眼不好看吗
2088,平常眼也是眯着的吧
2089,讨厌眯眯眼的不会是像给我关二爷装个卡姿兰大眼睛吧
2090,人都是有两面的
2091,恶人
2092,在前半部分看不起懦弱无能的主角们
2093,但
2094,恶人
2095,也在后面看到他们的成长与变化
2096,为他们摇旗呐喊助威
2097,说实话主角那个眯眯眼出来我就告辞了
2098,根
2099,贱名好养
2100,农村人很多这种的
2101,我会为好故事买单
2102,害怕剧透
2103,钱没到账
2104,纸飞机
2105,这是我
2106,年看过最好的电影
2107,说一千道一万
2108,没人看这意思是观众的错
2109,其实有点像牯岭街少年杀人事件里女主
2110,说真的
2111,国外人歧视这种脸还天天画狐狸妆
2112,这几年流行高级脸鲇鱼长相
2113,真做出来了
2114,反而不买账
2115,画面很漂亮啊
2116,就这个眼距
2117,我想把片方都宰了
2118,胖虎小夫
2119,好烦啊
2120,眼睛小怎么了
2121,这是什么年代生的人啊
2122,照理说去广州工地打工的人
2123,孩子不可能叫阿狗阿猫吧
2124,叫阿狗阿猫的人早死绝了
2125,真惨
2126,看了几个推这电影的
2127,就这里阴阳家多
2128,挣钱不寒碜
2129,为了入选法国的选票寒碜
2130,洗了更恶心
2131,看了觉得普普通通
2132,如果考研之后上映
2133,票房应该会好很多
2134,不写日记你前面活得怎么样你自己都忘了多可惜啊
2135,网红审美都是资本的产物
2136,大家都被带偏了
2137,支持
2138,内在美才是真的审美
2139,而不是一味的大眼睛滤镜美颜
2140,这个年代了
2141,还搞这种公认的亚洲歧视脸谱
2142,你说这个导演屁股不歪拜登怕是都不信
2143,太厉害了
2144,内在美大于外貌
2145,我们应该离开美颜和滤镜
2146,上吊眼角面相会给人险恶
2147,高傲感觉吧
2148,之前没看过相关的
2149,就是觉得眼睛好奇怪
2150,眼角上吊在咱们这不是很好吧
2151,审美真的不是一味的韩流
2152,题材小众
2153,然后主角的样貌踩雷
2154,就算剧情再好也不可能高票房
2155,太赞了
2156,二刷
2157,小眼的说法明显就是反串黑
2158,虽然剧情不错
2159,但是就是不能画个正常人
2160,你应该很自卑吧喜欢看洋人脸色
2161,用西方的话语体系攻击本国人的创作
2162,疫情
2163,看不了
2164,已经烧了
2165,这东西决不能被我姑娘看见否则爸爸的人设瞬间崩塌
2166,哥哥姐姐都拉着去
2167,前面的
2168,不看不用出来找存在感吧
2169,超级好看
2170,像
2171,三体综合征那个
2172,你家
2173,三体综合征能活超过
2174,岁
2175,这眼睛就非得斜着画
2176,正经人
2177,谁写日记
2178,确实
2179,不喜看不要勉强自己
2180,点个踩走人就是
2181,没看过的一直在叫
2182,好像在说人只有那张
2183,脸
2184,不
2185,我农村长大的
2186,跟阿娟一样爸爸妈妈长年在外打工
2187,我有共鸣
2188,我没看
2189,就这几个镜头
2190,我觉得眼距有明显不适感
2191,别吐槽眼距了行吗不看滚蛋
2192,这画质好好啊
2193,这个建模其实看进去了就不觉得了
2194,幸好结尾变了
2195,豆瓣已经没有公信力了
2196,就别在吹他的评分了
2197,我看到了
2198,阿娟叫刘家娟
2199,申奥片有了
2200,超级好看
2201,好电影啊
2202,这长的
2203,我还以为她俩亲姐弟呢
2204,豆瓣
2205,了
2206,D
2207,攀枝花
2208,猎
2209,确实
2210,猎
2211,我刚看完
2212,故事讲的不错
2213,音乐用的不错
2214,但是演出
2215,我不是动画师不懂是不是制作软件的限制
2216,但是演出
2217,之前的白蛇我也觉得演出没有给我亮眼的表现
2218,挎
2219,不看滚
2220,告辞了
2221,周末去看电影
2222,我讨厌这画风
2223,其实在影院看
2224,女主还挺好看
2225,主要是眼距
2226,太像唐氏儿童了
2227,我不舒服的一个点是把其他的舞狮人写的过于恶
2228,全烧了
2229,我是从雨夜那个相遇
2230,开始喜欢的
2231,导演想两头赚钱
2232,既想赚国人的钱
2233,又想赚外国的审美
2234,揪着这个不放没有意思吧
2235,这个
2236,都市风格
2237,也没啥毛病吧
2238,日漫到是大眼睛很多
2239,疫情
2240,没法看了
2241,眼距跟这个舞狮一样宽
2242,时间会证明一切的
2243,时间会证明一切的
2244,我们自己要正义顽强
2245,这就老谋子红高粱那种呗
2246,您慈悲
2247,现在依旧能够回忆起少年时的尴尬
2248,呵呵
2249,拜拜啦
2250,正经人谁写日记啊
2251,就是好电影就是好电影
2252,尚气那么多人喷男女主选角
2253,这部动画在这方面更严重啊
2254,年国产电影年度豆瓣评分最佳
2255,少年游
2256,对对
2257,前面有些地方确实挺尴尬
2258,但后面直接被带进去了
2259,剧吧
2260,反正我也没胃口看这电影
2261,空间其实我很感谢
2262,记录下小时候的很多所思所想
2263,无论尴尬与否
2264,空间小时候的说说我也回头读过
2265,很感慨
2266,另一个典型是
2267,空间以前的说说
2268,这一点
2269,感受一样一样
2270,是男的
2271,很失望取关了
2272,说的比电源好看
2273,等着考研大军弘扬中华
2274,怎么说呢
2275,这画风
2276,眼距太大了
2277,有点像
2278,三体综合征
2279,没日记就去看作文
2280,我这超前点映
2281,块才
2282,正经人谁写日记啊
2283,正经人谁写日记啊
2284,而成长好像就在那一瞬间
2285,说的真好
2286,不是不想去
2287,等我考完研一定去
2288,并不会
2289,因为我三十岁比十三岁还中二
2290,有大名的
2291,在最后的卡司表里
2292,刘家娟
2293,确实哈哈哈哈哈
2294,不那么正经的谁不写日记啊
2295,二刷了
2296,同感
2297,正经人谁写日记
2298,其实导演有给主要角色起正式名字
2299,详看最后的配音表
2300,名字贱
2301,好养活
2302,正经人谁写日记
2303,正经人
2304,谁写日记呀
2305,T
2306,苻
2307,确实
2308,粤语歌
2309,啊哈哈哈
2310,很对啊
2311,回想起来也不觉得尴尬
2312,日记早扔了
2313,豆瓣涨到
2314,啦
2315,不写日记
2316,不过翻看以前发的
2317,说说会尴尬羞耻
2318,并且看到最后你会发现舞狮的种子很早就在少年心中埋下了
2319,大白既然说了肯定去看啊
2320,正经人谁写日记啊
2321,
2322,正经人谁写日记
2323,础
2324,顶
2325,我的星爷啊
2326,二刷了
2327,V
2328,分钟
2329,K
2330,今日日记
2331,刷牙洗脸一条龙
2332,
2333,拉了
2334,个朋友去看了
2335,号包场看
2336,被骂上热门第一也不容易
2337,已举报
2338,我在广州的亲戚说大人确实不怎么发红包的
2339,金额也很少
2340,真的是很真实
2341,取关了
2342,能不能出个拉黑名单
2343,拉黑这种米米眼
2344,啊
2345,听君一席话
2346,如听一席话
2347,眯眯眼恶心谁
2348,还有在这里吹的
2349,安利您二爷
2350,人民最可恨的从来不是外部的敌人
2351,而是回形针雄狮导演组和洗地
2352,这样的内部叛徒
2353,人民最可恨的从来不是外部的敌人
2354,而是回形针雄狮导演组和洗地
2355,这样的内部叛徒
2356,人民最可恨的从来不是外部的敌人
2357,而是回形针雄狮导演组和洗地
2358,这样的内部叛徒
2359,人民最可恨的从来不是外部的敌人
2360,而是回形针雄狮导演组和洗地
2361,这样的内部叛徒
2362,人民最可恨的从来不是外部的敌人
2363,而是回形针雄狮导演组和洗地
2364,这样的内部叛徒
2365,人民最可恨的从来不是外部的敌人
2366,而是回形针雄狮导演组和洗地
2367,这样的内部叛徒
2368,人民最可恨的从来不是外部的敌人
2369,而是回形针雄狮导演组和洗地
2370,这样的内部叛徒
2371,人民最可恨的从来不是外部的敌人
2372,而是回形针雄狮导演组和洗地
2373,这样的内部叛徒
2374,人民最可恨的从来不是外部的敌人
2375,而是回形针雄狮导演组和洗地
2376,这样的内部叛徒
2377,人民最可恨的从来不是外部的敌人
2378,而是回形针雄狮导演组和洗地
2379,这样的内部叛徒
2380,人民最可恨的从来不是外部的敌人
2381,而是回形针雄狮导演组和洗地
2382,这样的内部叛徒
2383,人民最可恨的从来不是外部的敌人
2384,而是回形针雄狮导演组和洗地
2385,这样的内部叛徒
2386,人民最可恨的从来不是外部的敌人
2387,而是回形针雄狮导演组和洗地
2388,这样的内部叛徒
2389,人民最可恨的从来不是外部的敌人
2390,而是回形针雄狮导演组和洗地
2391,这样的内部叛徒
2392,
2393,观众不喜欢
2394,票房教做人
2395,人民最可恨的从来不是外部的敌人
2396,而是回形针雄狮导演组和洗地
2397,这样的内部叛徒
2398,人民最可恨的从来不是外部的敌人
2399,而是回形针雄狮导演组和洗地
2400,这样的内部叛徒
2401,人民最可恨的从来不是外部的敌人
2402,而是回形针雄狮导演组和洗地
2403,这样的内部叛徒
2404,人民最可恨的从来不是外部的敌人
2405,而是回形针雄狮导演组和洗地
2406,这样的内部叛徒
2407,
2408,拉黑了
2409,人民最可恨的从来不是外部的敌人
2410,而是回形针雄狮导演组和洗地
2411,这样的内部叛徒
2412,人民最可恨的从来不是外部的敌人
2413,而是回形针雄狮导演组和洗地
2414,这样的内部叛徒
2415,人民最可恨的从来不是外部的敌人
2416,而是回形针雄狮导演组和洗地
2417,这样的内部叛徒
2418,人民最可恨的从来不是外部的敌人
2419,而是回形针雄狮导演组和洗地
2420,这样的内部叛徒
2421,人民最可恨的从来不是外部的敌人
2422,而是回形针雄狮导演组和洗地
2423,这样的内部叛徒
2424,人民最可恨的从来不是外部的敌人
2425,而是回形针雄狮导演组和洗地
2426,这样的内部叛徒
2427,票房扑街
2428,剧情好不好先不说
2429,就这人物的眼睛给我看的真难受
2430,我是真没想到你也这样了
2431,李小龙一脚把你连踢飞
2432,我
2433,没收钱
2434,一个没占
2435,
2436,钱真是好东西
2437,这次赚不少吧
2438,这世界没有丑哪有美
2439,或许你一眼看到了主角的丑
2440,而我却在评论里看到了大部分人的恶
2441,伦
2442,这个脸纯粹是为了迎合外国老爷
2443,我广东人不认可
2444,收了多少钱啊
2445,打死不看
2446,活该票房大败
2447,这眼距和
2448,度角的眼睛是你啊
2449,弹幕啥阿
2450,还有人真好看
2451,还是先把屁股正正吧
2452,股东
2453,你好歹也是
2454,主
2455,这剧情你确定你不觉得诡异
2456,还没造成影响
2457,我笑了
2458,张嘴就骂人的滚蛋行吗
2459,某些人别太自卑
2460,关键是广东人部长这样啊
2461,广东人哭晕
2462,而且舞狮是能赚钱的
2463,不是所有套着现实主义外衣
2464,就可以为所欲为的
2465,要脸吗
2466,对啊
2467,真的是感觉在打着现实主义外衣在为所欲为
2468,为什么要是宽间距眼睛
2469,这是国外对我们的刻板印象啊
2470,这才是最媚外的表现吧
2471,意思是多元化
2472,广东人都长这样是吗
2473,W
2474,好勇
2475,就他么主角不正常
2476,路人都正常
2477,不就是实现梦想的剧情吗
2478,缺这个立意的好电影吗
2479,黑人如果拍电影会不会拍他们天天在采棉花
2480,不喜欢电影还有这么多人用统一的话术去每个安利的视频刷
2481,或是文章刷
2482,比真爱粉还积极
2483,你们才是钱到位了吧
2484,又是先抛开
2485,不谈
2486,谈电影
2487,都说故意的
2488,原画不是这样
2489,
2490,发行方真的有钱
2491,支持
2492,主
2493,所以呢
2494,唐氏儿就不能追梦
2495,不能演电影
2496,不能当主角了
2497,坚决抵制雄狮少年
2498,因为我是中国人
2499,收了多少钱啊
2500,这个能赚不少钱吧
2501,我看了
2502,没歧视
2503,币支持
2504,唐氏儿励志记
2505,唐氏儿励志记
2506,抛开
2507,这部片子为了
2508,迎合西方对亚洲乃至中国人恶意丑化过的刻板印象而修改角色长相
2509,的事实不谈
2510,确实是一部不错的电影
2511,什么离谱剧情
2512,真就学几天舞狮完爆学几年的呗
2513,你告诉我这个角度这个形象你觉得很美
2514,到底收了多少钱
2515,给个群一起
2516,这脖子
2517,这眼睛
2518,呵呵
2519,恭喜雄狮国外获奖
2520,外国人对国内改观了刻板现象
2521,给的太多了
2522,心情出奇的好
2523,不就是个咪咪眼的事嘛
2524,优势在我
2525,剑不剑呐
2526,豆瓣锁分
2527,您取关
2528,我关注
2529,制作人说要拿掉美颜滤镜
2530,却又加上了西方丑化的滤镜
2531,喜极而泣
2532,前面制作的形象是正常的
2533,后面零时加班改成眯眯眼的
2534,不就是想去西方拿个奖呗
2535,制作人说要拿掉美颜滤镜
2536,却又加上了西方丑化的滤镜
2537,喜极而泣
2538,前面制作的形象是正常的
2539,后面零时加班改成眯眯眼的
2540,不就是想去西方拿个奖呗
2541,制作人说要拿掉美颜滤镜
2542,却又加上了西方丑化的滤镜
2543,喜极而泣
2544,前面制作的形象是正常的
2545,后面零时加班改成眯眯眼的
2546,不就是想去西方拿个奖呗
2547,很喜欢一句话
2548,眼看人低
2549,有的人还真就对号入座了
2550,吧
2551,垃圾收钱没良心
2552,真的能赚钱
2553,都登顶福布斯了
2554,你们快去华尔街看
2555,靠这个发家致富了
2556,蠢不蠢啊
2557,出来洗地了
2558,这只是一种美术风格
2559,都被当枪使还洋洋得意
2560,多元你
2561,就故意丑化国人形象
2562,你顶多就做个师爷
2563,支持
2564,电影是挺好的
2565,支持中国动漫
2566,我不喜欢眯眯眼和巨款的眼距
2567,我的自由我也不会去看这片子
2568,丑可以
2569,有这么恶心的丑法吗
2570,中国就这么一种丑法
2571,里面全都长一个样
2572,你叫多元化
2573,我看海报就不好了
2574,盎
2575,高清素材
2576,纸飞机
2577,真的有眼距这么宽的人吗
2578,这片没得洗
2579,你要洗我就只能取关了
2580,取关了
2581,再见
2582,怎么不说鳄鱼
2583,鳄鱼眼睛中间有死角
2584,主角不知道有没有
2585,去你的审美多样性
2586,尬
2587,就这逼的数据
2588,怎么上的首页
2589,别洗了
2590,刷到这个视频
2591,粉丝也该取关这个
2592,了
2593,拉黑了
2594,人物真丑
2595,眯眯眼
2596,e
2597,你可以丑的随意
2598,但不能丑的刻意
2599,
2600,居然没有点踩真是遗憾
2601,哈哈哈哈哈哈笑了
2602,啊对对对
2603,进入城市后真的好容易共情
2604,节奏感细节都做得很好
2605,这是我给电影打高分的原因
2606,还在说两眼之间的距离
2607,无语了
2608,每个动画的动漫人物非要刻画成一样才可以吗
2609,烦不烦啊
2610,这建模看着难受
2611,应为烂片不需要动脑
2612,收钱了吧
2613,小道士
2614,就这种什么饭都能恰的货
2615,万关注不能行动下
2616,极具中国思想
2617,中国没有狮子
2618,怎么没占
2619,不是国外得奖了吗
2620,成人的世界就是远离舞狮
2621,赶紧去上海打工吧
2622,舞狮没希望的
2623,我这就取关
2624,中国思想是一步步踏实上去
2625,而不是妄想一步登天
2626,你怕是理解错了什么
2627,豆瓣
2628,是因为锁分了
2629,多一个字多收一个字的钱
2630,真好
2631,中国人都不会认同
2632,作者是怎么拿到这高清的视频的
2633,前面那个说像李小龙的
2634,李小龙要知道你们敢画成这样
2635,早出来
2636,死你们了
2637,观影后观看
2638,想骗票房那是不可能的
2639,原画很帅
2640,二刷了
2641,很好看
2642,祝你小孩眯眯眼
2643,对
2644,后面我真的热血了
2645,纸飞机循环了好久
2646,这里剧情的确看起来牵强
2647,不过看完后面就没有再纠结这个了
2648,拿了多少钱啊
2649,多元审美前提是美懂不
2650,不理想
2651,活该啊
2652,业余选手干翻专业人员
2653,不懂就问
2654,你家天师道哪个神仙眼睛长这样
2655,无懈可击
2656,钌
2657,保护保护
2658,汉奸
2659,M
2660,汉奸
2661,汉奸
2662,汉奸勾
2663,不是很理想我就满意了
2664,动画别碰敏感话题
2665,否则就是活该
2666,电影中阿娟家墙上贴满奖状
2667,他学习成绩应该很好
2668,总是让我想起孙少安
2669,软骨头
2670,放屁
2671,
2672,这片是我近几年国产电影
2673,钱已到账
2674,关注挺多国漫区
2675,也不差你一
2676,再见了您嘞
2677,可以接受丑点的角色
2678,但为什么这个丑是往西方刻板形象上靠
2679,天尊准备带你回去过年了
2680,天尊还是决定带你回炉重造
2681,颞
2682,好片子
2683,非常好看
2684,要取关的赶紧滚
2685,垃圾作品
2686,
2687,取关了
2688,广东人
2689,表示恶心
2690,广东人表示恶心
2691,广东人表示恶心
2692,广东人表示恶心
2693,广东人表示恶心
2694,这部片子的精神内核是什么这精神内核棒在哪里就问你找个
2695,主
2696,祝你孩子以全都长这样
2697,一个没沾哈哈哈哈哈哈哈哈哈哈
2698,取关了
2699,中国人不允许被丑化
2700,就这么简单
2701,广东人都长这样
2702,我们欠清华一个道歉
2703,你可拉倒吧
2704,笑死
2705,别来碰瓷人星爷
2706,讨论度这么高你说没流量
2707,央视下场你说没流量
2708,关注挺久了
2709,是时候说再见了
2710,太可怕了
2711,这么多人说好
2712,你们在哪领钱
2713,丑可以随意
2714,但别这么刻意
2715,狗
2716,就喜欢看眯眯眼
2717,你配吗
2718,取关拉黑
2719,呵呵呵呵
2720,城
2721,你也配说福生无量天尊
2722,这话说的
2723,现在一样有阶层
2724,听说女阿娟有辆汽车
2725,够罕见
2726,我得去多读点书
2727,免得被知识分子骗
2728,果断取关
2729,果断取关
2730,再也不见
2731,审美多元化洗地老几样了
2732,揠
2733,黄字不当杠精不会死
2734,阿娟他们学了一年好吧
2735,功夫熊猫也是学了几天就无敌了呀
2736,少年游
2737,你就是亿字长评
2738,这种吊角眯眯眼的就是烂
2739,这部垃圾就应该下架
2740,免费后
2741,观摩下
2742,票房就算了
2743,
2744,罕见
2745,这不是眼睛小
2746,是分的开的问题
2747,你喜欢就好
2748,不如去看少林足球
2749,这么早就锁分了
2750,哈哈哈哈哈
2751,呸
2752,这真的不是唐氏综合征吗
2753,沙碧
2754,给多少钱才能写这么多字的稿啊
2755,除了主角形象之外我觉得没什么不好的
2756,
2757,车程
2758,小时
2759,年回不了家
2760,留守儿童群像
2761,但实际不这样
2762,现在人都太浮躁了
2763,缺乏理性思考和判断
2764,收了多少钱才浪费时间去看三次
2765,你告诉我什么叫做
2766,瞬间拉入剧情
2767,看了个把小时你还敢叫
2768,瞬间
2769,刚说完
2770,瞬间
2771,这又来个
2772,层层递进
2773,到底是突然的还是循序渐进的故事开展方式
2774,意思是把前面个把小时的故事全删了也不影响对吧
2775,按你这么解释
2776,那电影结构应该是用插叙的形式把过去的事情讲出来
2777,而不是这种弱智的
2778,尴尬
2779,你在电影还没有下线的时候做剧情短篇
2780,那一定是获得官方授权的
2781,如果不是官方授权
2782,那你算侵权
2783,要么承认你在违法
2784,要么承认你在当狗
2785,选一个吧
2786,国家宝藏
2787,好评
2788,希望大白拿第一
2789,元
2790,不然白忙活了
2791,睁眼瞎说瞎话
2792,央视
2793,不算
2794,苟都不看
2795,块真香
2796,
2797,中国人失掉自信力了吗
2798,这电影已经准备去法国领奖了呵呵
2799,音乐真的很好听
2800,茶啊二中的造型都碾压他
2801,说真的
2802,你们都说广东不是这样的
2803,这是动漫电影
2804,不要当纪实片看
2805,刷的评分
2806,还拿评分说事
2807,你说审美多元
2808,中国人长这样
2809,尴尬的到处找噢力给
2810,纸飞机超好听
2811,那个不叫原画
2812,那个只是宣传海报啊
2813,概念错了
2814,木棉花是木棉花
2815,与凤凰木不是一回事
2816,超好看
2817,审美要多元化
2818,内容积极就好了
2819,
2820,必须上热门
2821,现在的网络舆论太可怕了
2822,还没看
2823,只知道一个小眼睛就开始无限喷了
2824,好看的
2825,这么说吧
2826,这不剧情真的很一般
2827,我说它一般是因为他就剧情来说后半段还过的去
2828,至于其它
2829,动画技术还不错
2830,仅此而已
2831,审美应该多元化
2832,画都被你们说完了
2833,电影很棒
2834,太棒了
2835,整理得很好
2836,祝
2837,孩子以后这个样
2838,说服个屁啊
2839,同感
2840,强烈支持
2841,雄狮少年虽然有不足
2842,还是值得一看
2843,拉黑
2844,垃圾
2845,以三连
2846,把制片方改成老美
2847,再看看评价
2848,这他妈没收钱有鬼了
2849,不丑是吧
2850,祝愿
2851,住一家都是这种眼睛
2852,可惜了
2853,取关
2854,现在也有分阶层
2855,这种眼距是正常人吗
2856,为什么眯眯眼就是丑的
2857,{
2858,可别糟蹋少年游这曲子
2859,你儿子眯眯眼但是你儿子眼距正常
2860,碎
2861,一本好片
2862,感动
2863,鼓点
2864,折点
2865,选择点
2866,更是支撑点
2867,连接点
2868,也是我们的泪点
2869,G
2870,我给满分
2871,好片
2872,很感动
2873,G
2874,连片方都能接触到
2875,什么成分还用说吗
2876,笑死
2877,有钱一起赚
2878,
2879,你不如直接说你的看法
2880,那不是小眼睛
2881,就是故意画的畸形眼睛
2882,别再说眯眯眼了
2883,不是眯眯眼
2884,呸
2885,其实因为那些情节没那么重要
2886,苏联才解体多久
2887,怎么解体的忘了吗
2888,只要是眯眯眼
2889,坚决不看
2890,诡异
2891,不是诡异
2892,那是故意丑化中国人
2893,还出
2894,你是被丑化的不够吗
2895,请问你在生活中是凸嘴眯眯眼吗
2896,抛开现实不谈
2897,那还有什么好谈的
2898,抵制
2899,故意的弄成眯眯眼
2900,坚决抵制
2901,我受不了了
2902,不是小眼睛
2903,不是小眼睛是斜眼斜眼
2904,学几天打败几年
2905,
2906,我真的很不想拉黑你
2907,可这件事触及到了我的底线
2908,你的儿子长这样就好了
2909,广东谁叫阿猫阿狗
2910,知道阿猫阿狗表达的是什么意思吗
2911,草
2912,真是感受到了制作团队满满的恶意
2913,你啊你
2914,真的太让人失望了
2915,没有海外生活经历
2916,不了解历史背景的你
2917,还是不要乱站队了
2918,还信豆瓣啊
2919,评论占比没见过变化呢
2920,模仿的星爷但他不配
2921,以貌取人
2922,真的好看
2923,这种电影尽早下线
2924,这画面真好
2925,眯眯眼真的恶心
2926,柝
2927,豆瓣就应该锁分
2928,不然就被你们这些用嘴爱国的人侮辱了了
2929,好电影
2930,我没收钱
2931,吃狗粮了吧
2932,半小时我滴天
2933,粤语歌类目
2934,哈哈
2935,搞笑
2936,团建看电影
2937,锁分的评分有意义吗
2938,暗示主角不是人
2939,那好嘛
2940,请问你体悟到的精神内核是什么
2941,有理有据的说
2942,麻烦
2943,是有水军谢谢
2944,剧情逻辑链根本搭不起来
2945,谢谢
2946,人物这样当然诡异
2947,多的不说了
2948,就祝你家世世代代长的如你这高级审美一般吧
2949,兄弟们
2950,电影设定是
2951,年
2952,不要再说没有这样的地方了
2953,群众眼睛是雪亮的
2954,狮子眼睛比这帅
2955,建议说不好的自己去看看
2956,观影评分是建立在你对事实的了解基础之上的
2957,烂钱好恰啊
2958,电影
2959,把话放着不会删
2960,现实中有人长得像动漫人物
2961,柳夜熙
2962,好看么
2963,那些长的要真有人长成这样子
2964,请问他们是不是不配活在这个世界上
2965,咒别人生孩子眯眯眼的
2966,你和印度那些咒别人生个女儿的人有区别
2967,蠢蛋
2968,软蛋
2969,三观有点不正啊
2970,就是一部周星驰喜剧电影的拙劣模仿罢了
2971,舞狮人原来要长得像狮子
2972,这是我看过最好看的动漫了
2973,你的小伙伴和你什么仇什么怨你做这种事
2974,这个眼睛怎么看着都不舒服
2975,对的
2976,T
2977,电影没有刻意侮辱丑化任何人
2978,反倒是有的人脆弱敏感有自以为是
2979,编剧编的啥
2980,\
2981,连内容都是巨大
2982,舞狮不穷
2983,还得第一
2984,还放弃爱好跑去搬砖
2985,还长的和唐氏综合征一样
2986,
2987,d
2988,男的好不好看姑且不说
2989,这女角咋也这样
2990,也这么丑啊
2991,
2992,为什么有人投币
2993,
2994,一起赚一起赚
2995,钱收的舒服嘛
2996,抵制
2997,抵制
2998,恶意喷们退散
2999,这眼睛怎么了
3000,我就服了
3001,这叫丑
3002,你有审美吗
3003,成功让我取关
3004,哪个狮子长这吊脚眼的
3005,看了三次才想出来怎么洗
3006,如花电影洗吧
3007,大鱼海棠啥垃圾啊
3008,评分票房都是刷的
3009,别揣着明白装糊涂
3010,给的实在是太多了
3011,本来瑕不掩瑜的一件事
3012,被各种扣帽子也是醉了
3013,滚啊
3014,舞狮的都是混混
3015,都说丑的人千奇百怪
3016,今年感受到丑的人也可以恰到好处相似
3017,所以连美都没有
3018,怎么叫审美呢
3019,厨
3020,笑啦
3021,亟
3022,活该
3023,给的太多了
3024,哈哈哈
3025,取关了
3026,有病
3027,除了人设丑
3028,题材也没吸引力
3029,已观影
3030,支持
3031,主观点
3032,给的实在是太多了
3033,在广东舞狮可以赚钱
3034,第一个听说木棉花叫凤凰花
3035,笑死我了
3036,主角就丑的离谱
3037,拉黑
3038,还有三只松鼠早日倒闭
3039,在别的地方说推荐过来看
3040,结果不是喷
3041,那我走了
3042,好了
3043,以后演几个粑粑逆袭
3044,看内在
3045,审美多元
3046,笑了
3047,太逗了
3048,取关拜拜
3049,兄弟
3050,这种刻意讨好外国人的人社你都能
3051,
3052,别闹
3053,这玩意最终评分能过
3054,分
3055,f
3056,原来是个香蕉人啊
3057,是的
3058,周六看完
3059,我周末马上就去补了一遍
3060,刚开场就几乎泪目
3061,你们猜
3062,哪来这么多高清电影素材
3063,哈哈
3064,没恰钱
3065,鬼相信
3066,你们猜
3067,哪来这么多高清电影素材
3068,哈哈
3069,没恰钱
3070,鬼相信
3071,你们猜
3072,哪来这么多高清电影素材
3073,哈哈
3074,没恰钱
3075,鬼相信
3076,很可惜
3077,飞完了
3078,更差了
3079,看超大眼距和眯眯眼吗
3080,他们没有学几天
3081,你看木棉花开了又谢
3082,有一年的
3083,而且一年内天天练
3084,即使去打工
3085,也没有放下练习
3086,谢谢你
3087,主
3088,又拉黑一个收钱的
3089,滚啊
3090,取关了
3091,活该
3092,别洗了垃圾玩意
3093,别洗了
3094,祝你孩子长得像雄狮少年好吧
3095,祝
3096,一家世世代代都长雄狮少年样
3097,已拉黑
3098,不谢
3099,狮子
3100,猴子吧
3101,为什么你的语气不能再欢快一点
3102,我希望这颗子弹的终点是导演的脑袋
3103,同化了属于是
3104,他还是很尴尬
3105,这个世界有时候也不是是非不分的
3106,审丑应该多元化
3107,审丑应该多元化
3108,结局继续打工
3109,你不该接这个单子的
3110,滚
3111,那
3112,恐怕我们得连心灵滤镜都加上了
3113,才能看得出这个电影的好
3114,不理想就对了
3115,花再多钱给
3116,营销也没用
3117,取关了
3118,听名字看角色
3119,明夸实骂
3120,棍尼玛
3121,哦
3122,呵呵
3123,脸皮都不要了
3124,怎么都为了一包烟钱
3125,脸都不要了
3126,取关吧
3127,这种为了烟钱不要脸的
3128,恶心
3129,你看看
3130,这些人物
3131,主要点脸吧
3132,求你了
3133,脸皮都不要了
3134,你到挺尴尬
3135,不能说是肉麻吹捧
3136,至少也是舔到极致了
3137,这年头人都太爱扣帽子了
3138,只要你跟他的意见相左
3139,帽子就来了
3140,比如
3141,比如
3142,收钱了
3143,比如行走的
3144,万
3145,不管你再怎么吹得天花乱坠
3146,我不喜欢就是不喜欢
3147,问题是他还想用这长相代表广东人
3148,广州人表示接受唔到咯
3149,以为真系万中无一
3150,路明非的既视感
3151,准备二刷
3152,很好看啊
3153,说的好好
3154,我觉得主角很帅
3155,长得和
3156,一模一样
3157,坚决不去看
3158,真想看的各位去看盗版吧
3159,不值得让那帮人赚你们的钱
3160,他们喜欢跪着添老外
3161,而我们是平等对话
3162,希望你以后的后代也张这样
3163,不好意思
3164,片方实在给的太多了
3165,因为片方给的太多了
3166,通过这个视频发现一位杰出的人
3167,冷知识
3168,人属演化这么多万年就没有出现过眼距这么宽的物种
3169,有些人目光狭隘
3170,只看得到角色的眼睛
3171,你说什么都听不进去的
3172,对对对
3173,别洗拉黑吧
3174,嗑瓜子
3175,你把导演说的话换你家乡试试
3176,鼓掌
3177,呵呵呵
3178,翻白眼
3179,你这不就是相当于在黑人面前拍黑人吃西瓜的电影么
3180,道长你这样
3181,喜欢
3182,很燃
3183,里面所有音乐都超好听
3184,我是安揪
3185,连麦侮辱嘲讽抵制雄狮少年的人
3186,我是安揪
3187,连麦侮辱嘲讽抵制雄狮少年的人
3188,好家伙又要拉黑一个
3189,看一遍根本不够啊
3190,也准备去二刷
3191,这不是好莱坞式穷小子翻身的电影吗
3192,电影是真的好
3193,已看完
3194,你不知道
3195,笑了
3196,
3197,多元你的毛线
3198,真的很好看
3199,不知道现在网上的人怎么了
3200,年度最佳
3201,恶心
3202,恶心
3203,恶心呐
3204,他们给的太多啦
3205,支持
3206,毛
3207,支持
3208,n
3209,看来今年经费充裕啊
3210,配吗
3211,贱不贱呢
3212,J
3213,笑死我了
3214,快说
3215,我没收钱
3216,中国人不骗中国人
3217,s
3218,建议不要抓着
3219,不用新疆棉不放
3220,应该去看他鞋子的设计和技术多么优良
3221,你们全家都是雄狮少年
3222,你长得挺像雄狮少年
3223,所以二刷更好哭
3224,取关拉黑
3225,三观不一
3226,不再关注
3227,你说服不了人
3228,您可别了
3229,滚
3230,导演不要再做这种形象了
3231,好歹出家人
3232,这样好么
3233,这是收了多少
3234,就算按你现在的审美应该多元化
3235,这人也不美呀
3236,就算电影里有美人
3237,也不是你说的多元化呀
3238,猪别洗了
3239,这种丑到爆的眯眯眼就是歧视和洗脑
3240,我宁愿去看雷锋的故事
3241,也不愿看到你们这一群人骨头
3242,你就说换你张这种眼睛
3243,你乐不乐意
3244,也没有觉得电影里也有眼睛正常的美人
3245,就是日韩审美啊
3246,不能单纯觉得好看吗
3247,为什么正常的眼睛就是日韩审美啊
3248,按照中国的画风就不能是普通的眼睛
3249,啊
3250,极具中国思想
3251,弘扬传统
3252,国风黑马
3253,一个没占
3254,取关了
3255,好
3256,洋主子都说好
3257,支持
3258,主
3259,值得推荐
3260,描述了小人物里的小人物心中有光的故事
3261,我没收钱
3262,哦
3263,那做
3264,主的孩子以后都长成主角的样子
3265,笑死人啦
3266,的评分锁分呢
3267,你不会要说说服所有人
3268,你只要说服你自己孩子以后能长成这个样子
3269,我就支持你
3270,片方给了你多少钱
3271,我知道
3272,挣钱不寒颤
3273,我就是小眼睛
3274,有钱一起赚呐
3275,`
3276,那些骂的
3277,看了吗
3278,我真的服了
3279,到底谁收了钱
3280,吃烂钱
3281,就
3282,个字
3283,恶心
3284,流量密码一个没占
3285,豆瓣锁评分
3286,雇佣水军
3287,真就睁眼说瞎话
3288,
3289,情愿掉粉都要猛吹
3290,到底是给了多少钱
3291,R
3292,狗罕见
3293,狗罕见
3294,为什么可以不在乎人格家国侮辱我很不理解
3295,你要脸吗
3296,r
3297,你它马放屁
3298,直接拉黑完事了
3299,万
3300,垃圾电影
3301,三观毁尽
3302,
3303,呸
3304,些许尴尬
3305,拉黑了
3306,活该
3307,块真香
3308,L
3309,阿猫
3310,阿狗
3311,阿娟
3312,东方人物形象的典范
3313,现在怎么什么垃圾东西都能让我看到
3314,茶
3315,万字洗地文啊
3316,编剧写剧情的时候都没这么认真
3317,取关了
3318,我不光取关
3319,以后你的每个视屏
3320,我必白嫖
3321,这样洗
3322,不累吗
3323,恕我直言
3324,主角就是三只猴子
3325,这部电影的音乐真的很优秀
3326,主这种烂钱也敢恰
3327,劝你自重
3328,少见
3329,恶心
3330,耻辱
3331,已经拉黑
3332,已举报
3333,好个但行好事
3334,莫问前程
3335,大鱼海棠是什么垃圾也好意思拿出来说
3336,充值
3337,拉黑举报
3338,少
3339,胡说八道
3340,他怎么不给外国人眯眯眼
3341,希望他一家全长这样
3342,举报了
3343,那就对了
3344,取关了
3345,真可悲
3346,大家看到的讨论的全是外貌
3347,没有人觉得狮头建模超级好超级细节嘛
3348,取关加拉黑
3349,团建
3350,在佛山
3351,新年不可能只有一个红包
3352,村里的叔伯都会给
3353,多少而已
3354,
3355,取关
3356,支持
3357,尴尬的地方会更尴尬
3358,所有人都不会认同
3359,可以长的随意不必长的刻意
3360,支持
3361,鼽
3362,大型魔怔现场
3363,鼽
3364,美术制作确实是可以的
3365,剧情和人物设计真的垃圾
3366,广东人
3367,阿猫阿狗是骂人的话
3368,确实
3369,你家也有人是四十五度
3370,我看看
3371,洗
3372,接着洗
3373,谢谢你
3374,主
3375,又拉黑一个人
3376,K
3377,垃圾
3378,多
3379,元
3380,我直接开骂
3381,取关
3382,告辞
3383,观影之后再来看
3384,的解说不要一顿乱喷
3385,祝
3386,主子孙后代长的都像雄狮少年
3387,拉黑之前先点不喜欢
3388,我们有权力不接受这种审美
3389,滚吧
3390,罕见的公正评价
3391,发一个友好的弹幕问一下有哪个作品包括
3392,但不局限于视频
3393,没有在做意识输出
3394,当您说出您自己的感受的时候
3395,难道不是您的主观判断吗
3396,既然您尊重我的思想
3397,我也尊重您的意识输出
3398,我左上角了
3399,不打算看了
3400,严重地侮辱了真正的广州舞狮文化
3401,赶紧死
3402,二鬼子
3403,别洗了
3404,洗
3405,接着洗吧
3406,原来还有
3407,多万粉丝都是这个审美
3408,真的呵呵了
3409,都去看心医林霖最新的视频
3410,分析透彻
3411,价值观就尼玛有大问题
3412,宣传努力无用论
3413,去看心医林霖
3414,都滚去看心医林霖最新的视频
3415,滚啊
3416,恶心
3417,你也好意思说是中国人
3418,你以后照这样找老婆吧
3419,不然你就是歧视小眼睛
3420,发现之前的剧情看与不看没什么区别
3421,啥笔
3422,我超罕见
3423,海
3424,多少钱啊群号发一下好吗
3425,祝你儿子长这样
3426,支持
3427,广东人自己都不认
3428,你还觉得好
3429,我真的被这个故事鼓励到
3430,支持
3431,主
3432,就这个形象你看的不难受麽
3433,哈哈哈
3434,高级脸
3435,如果我们不敏感
3436,总是尝试包容
3437,他们岂不是更加肆无忌惮夹藏私货
3438,j
3439,\
3440,等什么呢
3441,取关啊
3442,你这一万字稿费多少
3443,收了太多钱了
3444,说实话
3445,路飞出海才几年就皇副
3446,一种艺术加工罢了
3447,好家伙
3448,团建一起看
3449,感情你们是一团伙
3450,取关了
3451,你洽烂钱的样子恶心极了
3452,]
3453,滚吧
3454,取关
3455,不要脸了啊
3456,美刀不错啊
3457,收钱了当然要多写点
3458,那个阿猫就不是人的样子
3459,垃圾
3460,这么多人吹加刷票房都不能让它起来
3461,可见是真的烂
3462,嗯珠三角可真多留守儿童
3463,我们福建小地方都不敢说
3464,取关了
3465,再见
3466,其他的不想骂了
3467,吹的人
3468,不是蠢就是坏
3469,这个是电影原画
3470,能问片方什么成分不用多说了
3471,中国传统文化思想眯眯眼
3472,汉奸
3473,取关了
3474,最恨二鬼子
3475,转的
3476,没什么别的
3477,我和女票那天去电影院看
3478,我俩都快气炸了
3479,你要说不讨论眼睛
3480,那就不讨论
3481,那么我们讨论下剧情逻辑和传统文化
3482,毕竟是参考现实的
3483,导演说这是宣传传统文化
3484,还说去了广州采风
3485,那么红狮子
3486,于
3487,电影很棒
3488,你在
3489,站估计完了
3490,雄狮少年是一个鉴定
3491,的好片子
3492,好兄弟
3493,介绍个门路
3494,有钱一起赚啊
3495,猎奇多元化
3496,取关
3497,取关谢谢
3498,角色丑陋
3499,剧情拉夸
3500,随了美工真是一文不值
3501,这还不丑吗
3502,我实在是想不通
3503,安利这个电影的人里会有你
3504,你缺钱做镖人吗
3505,为什么
3506,取关了
3507,不见
3508,拿了多少钱来洗白啊
3509,已举报
3510,英国每日邮报称中国人就是眯眯眼这个传统长相哈哈干的漂亮
3511,中国思想
3512,指恃强凌弱的欺负她人
3513,没有占密码
3514,指央视自来水
3515,主全部自来水
3516,二鬼子司马
3517,给你多少啊
3518,这都能说出来
3519,k
3520,取关了
3521,这不给个大大的倒赞鼓励
3522,这个洋鬼子怎么还有八十万人关注
3523,给你点倒赞
3524,舞狮子的踢狮头
3525,这不是阴阳恶心人
3526,人物照着主办做的
3527,侮辱舞狮人为什么要安利啊
3528,Y
3529,带着自己的考量
3530,听他扯一会
3531,搁这套格式呢
3532,为啥要用星爷的电影
3533,你吗没了
3534,收了多少钱
3535,取关
3536,喘
3537,取关了
3538,取关爽啊
3539,直接取关
3540,废话不多了
3541,敢不敢上原稿
3542,取关
3543,取关了
3544,什么
3545,根本没关注过
3546,直接拉黑好了
3547,我真心希望你的后代子子孙孙都长这样
3548,不是搞工农理学医的吧
3549,毒鸡汤来咯
3550,取关
3551,苟汗肩
3552,有钱一起赚
3553,我们接受丑
3554,不接受偏见
3555,你这炖饭恰饱了吧
3556,这种垃圾饭也恰
3557,白瞎了你这号
3558,滚
3559,滚吧
3560,少年游
3561,我支持
3562,审美应该多元
3563,
3564,我要为雄狮发声
3565,值得看
3566,不要不同意见就说是收钱了
3567,站的多元文化去哪里了
3568,分不是锁的
3569,是确实觉得好
3570,力挺
3571,不同意见就是给钱吗
3572,去电影院看看
3573,国外拿奖已经辟谣了
3574,只是入围
3575,姜子牙也入围了
3576,罗小黑也是
3577,电影里面是真实的广东
3578,满满的回忆
3579,支持
3580,真正担心的是
3581,以后的作品都没有这份创作自由了
3582,如果不支持
3583,请别拉踩
3584,滚
3585,骂它才是流量密码吧
3586,放弃梦想
3587,担起责任
3588,有个锤子内核
3589,可以取关了
3590,秋千
3591,喵
3592,占国外流量密码了吧
3593,想出去获奖的呗
3594,主尬吹要掉粉的
3595,取关了
3596,呵呵
3597,这次恰了多少啊
3598,钱还没到
3599,啊对对对
3600,狗焊件
3601,思想你吗
3602,说眼睛小的
3603,多自卑呢
3604,玛德
3605,雄狮少年的眼睛大或小和你有关系吗
3606,有本事你去画啊
3607,喷子有病吧
3608,浈
3609,说眯眯眼的
3610,说到底是对自己的不自信
3611,还有许多中国人的眼睛小
3612,你就能说他们是怎的
3613,支持
3614,主
3615,它不配
3616,拉黑了
3617,拜拜
3618,踩了
3619,广东取景而已
3620,抛开人设不说
3621,片子内容真心不错
3622,恶心
3623,呸
3624,年度黑马
3625,国漫之巅
3626,多元
3627,广东人不生气么
3628,说都像这样
3629,正经人谁写日记啊
3630,写出来能叫心里话吗
3631,划重点划画重点团建
3632,你也配做子弹
3633,取关
3634,谢谢
3635,就是好看
3636,用外语骂你听不懂
3637,怎么着
3638,你也学着同样的话骂自己
3639,取关了
3640,非常感谢你以前的陪伴和讲解
3641,这个我是真的接受不了
3642,看了
3643,考虑
3644,刷
3645,审美多元化
3646,支持
3647,主
3648,支持
3649,黹
3650,支持
3651,支持
3652,挣钱嘛
3653,不寒碜
3654,重新定义好电影
3655,三刷了
3656,好看不解释
3657,还好没关注过
3658,要不要关注一下再取关
3659,没站
3660,站满了好吧
3661,不过就是方向反了
3662,那可不嘛
3663,睡了半集
3664,醒来依旧能接上
3665,多元化尼玛
3666,多猿话
3667,我不喜欢
3668,群众的眼睛是雪亮的
3669,是眼距都长在太阳穴上了
3670,电影青蛇那就没事
3671,完了要吐了
3672,单纯就是人物形象不好看
3673,类比狮子的轮廓特征也不咋好看
3674,继续洗
3675,保护
3676,阿娟挺帅的
3677,越到后面越帅
3678,主太顶了
3679,支持
3680,主支持你
3681,吃得一嘴油呀
3682,主
3683,舔来不少钱吧
3684,主
3685,扑街
3686,沙子才看
3687,拿了资本家多少钱
3688,搁着洗呢
3689,洗也改不了这玩意烂的事实
3690,呵呵
3691,中指
3692,是五个指头里的一个
3693,
3694,滚吧
3695,支持
3696,主敢说敢当
3697,关注
3698,主坚持自己不容易
3699,鼽
3700,你快去你吗隔壁的吧
3701,再说一遍
3702,你快去你吗隔壁的吧
3703,
3704,发声的
3705,赶紧把你的臭嘴闭上
3706,感觉不是赶工
3707,而是不舍得坐车回家
3708,宁可在工地多赚钱
3709,黑
3710,万
3711,汉奸
3712,汉奸
3713,正经人谁血日记
3714,怎么可能
3715,我也会二刷
3716,创作不能死
3717,那句被花砸中的听到的时候抠出三室一厅
3718,这个佛
3719,就这佛
3720,这一幕绝了
3721,大屏幕上显示的时候
3722,恶心
3723,举报了
3724,我广东佬的眼是这样
3725,绰
3726,高清视频是雄狮官方给的呗
3727,中国思想
3728,拉黑
3729,了
3730,我对你比出中指
3731,希望你可以接受我的这个形象
3732,就是垃圾
3733,现在不也是吗
3734,为什么要放周星驰
3735,你讲的话让我好尴尬
3736,滚
3737,你倒是说剧情啊
3738,所以陈家村舞狮队欺负男主的动机是什么
3739,取关告辞
3740,希望你早点得道成仙
3741,早登极乐
3742,不是小伙伴儿了
3743,绝交
3744,我去看了
3745,支持你
3746,别人练十几年不如主角几个月
3747,吐口痰再走
3748,哈
3749,啊对对对
3750,支持
3751,不要脸
3752,收钱发帖
3753,全家长成雄狮少年的样
3754,迷
3755,什么鬼剧情
3756,取关吧
3757,收完钱就买水军刷好评是吧x东西
3758,你工人爷爷来了
3759,很好看
3760,很励志
3761,
3762,但凡看完全票都不会评论出那么恶毒损人的字眼
3763,恶心
3764,呸
3765,我都关着灯
3766,今天谁来洗
3767,谁就是自绝于人民
3768,取关取关取关取关取关取关
3769,罕见
3770,唐氏综合征
3771,唐氏少年
3772,滚吧
3773,取关
3774,滚吧
3775,这女主整这样
3776,我周围是真遇不到眼睛长这样的
3777,这怎么还降粉丝了
3778,好的
3779,已经拉黑了
3780,取关了
3781,叮
3782,稿费到账
3783,别洗了
3784,行吗
3785,罕见
3786,呸
3787,有钱一起赚
3788,支持
3789,钱
3790,钱
3791,钱
3792,审美多元化
3793,前提是得算美
3794,你说一句你儿子以后也长这样
3795,我就看
3796,
3797,眼睛中间也能开太平洋嘛
3798,八点四也要靠你们这些傻子刷上去啊
3799,看个寄
3800,
3801,跪傻了都
3802,支持
3803,虽然我可以审美多元化
3804,但是你这每个人的造型不都是一样
3805,几个还说的过去
3806,这就是多元化吗
3807,已取关
3808,垃圾解说
3809,c
3810,歇歇吧
3811,何止诡异
3812,鬼片
3813,草拟吗
3814,拉黑咯
3815,苟罕见
3816,一看就是她妈
3817,瞧
3818,个人的眼睛
3819,亲生的无疑
3820,拜拜啦你嘞
3821,取关了
3822,收钱了
3823,你是不是就长这样啊
3824,安利你奶奶个腿
3825,我竟然才知道
3826,滚
3827,躺尸少年
3828,钩罕见
3829,钩罕见
3830,钩罕见
3831,钩罕见
3832,钩罕见
3833,钩罕见
3834,贳
3835,对对对
3836,你和唐氏少年长的一个鸟样
3837,汉奸
3838,取关了
3839,丑
3840,全都成了未进化的猴子
3841,真就阿猫阿狗都去舞狮了
3842,我觉得吃饭也要有骨气
3843,祝你儿子以后长这样
3844,洗地
3845,鉴定完毕
3846,听君一席话如听一席话
3847,取关了
3848,失望
3849,大哥
3850,不恶心吗
3851,拉黑了
3852,帖
3853,支持
3854,这就是一坨包装精美的翔
3855,不画成这样
3856,怎么得到洋人姥爷的认可呢
3857,有钱一起挣
3858,你是汉奸
3859,取关了
