时间,用户,星级,短评,支持数
2021-12-05 16:03:02,豆瓣路人己,五星,是目前无限接近我心里当下该有的国漫样子——没有IP、没有过多对日美漫画的模仿、没有太多套路。有瑕疵，但瑕不掩瑜。“咸鱼翻身”的主题虽然已经说了很多次了，可是电影结局真的不是绝对的“翻身”。配乐非常棒！,5658
2021-12-09 00:21:10,朝阳区妻夫木聪,四星,——真傻，这年头怎么还有傻瓜会读李白？——真好，这年头居然还有人愿意相信诗。,7734
2021-12-08 20:59:35,Cosine 万一,一星,这队主创真是又懒又硬啊，人物没有动机，剧情不给原因，配乐不合时宜，煽情毫无意义，从未见过如此厚颜无耻之事。,1960
2021-12-11 17:55:05,桃桃林林,四星,虽然套路，但，真的好燃啊！！！后半段各种热泪瞬间。结尾收得很好，不用真的给一个奇迹瞬间，足够感动就够了。舞狮如人生，都是上山下山。未必都会赢，但一定不能认输。另外，其实舞狮并不能改变什么，也不会真的让你走向成功。但生活中总是要有点奔头，要有一口气，这才是活下去的理由，也是会觉得热血的原因。,4522
2021-12-12 08:25:17,王开心,三星,人物脸谱化严重，有毒男子气概成为了剧情的助推剂，病猫、瘦猴、咸鱼强等称呼显示出了社会病态的社会达尔文主义倾向和鄙视链，其中隐含了“我只有不是我原生的自我才不会受尽欺辱”，于是暴力被浪漫化，成为一个符号推进剧情的下一步发展，这未免是一种表面的推进而非真情实意。令人悲哀的是，父权社会的框架仍然制约着整部片子的逻辑，旧有的一套权力秩序仍旧延续在文化生产中，女性不该舞狮、被英雄花砸中的男人、人就该放弃梦想讨生活、师父师娘的人物关系刻板印象等话语活生生的表现了当下21世纪中国根深蒂固的权力体系和社会现实。这是一种性别和阶级的困境和悲哀。非要有一个女孩成为一种类型化的初恋感配角，这是十分不舒服的男权思维。,3862
2021-12-02 12:04:38,小烨,五星,终于看到一部不是以孙悟空、哪吒为主角的优秀国漫了，居然还是现实主义题材的，太惊喜了。画风写实、技术扎实，配乐也好喜欢，废柴少年成长记，结合舞狮这个民俗主题，情怀感人，细节动人。这是属于小镇青年的奇迹，向城市建设中每一位被“牺牲”的无名氏行一次注目礼，给面目模糊的他们影一张清晰的沙龙照。,4861
2021-12-08 21:05:58,谢谢你们的鱼,四星,前半段配音烂、节奏烂、笑料烂，后半段老子一顿暴哭，燃死我得了，真的太顶了，简直是一杯呛鼻的烈酒。完完全全用真人片逻辑拍摄的动画电影，真没有想到如此具有现实质感和人文关怀，对于舞狮文化的展现堪称完美。话说男主角剔头之后也太像易烊千玺了吧！,3871
2021-12-11 08:55:18,渔人秦诗,四星,优缺点都突出，前期蓄势期极差。生硬转折尴尬，文戏不够喊口号歌曲凑，师母陈壮成等一众闪光点多面性塑造的可能，都未深入挖掘，全员工具人。同样热血滑稽化的演出用了五次。吊诡的是，这全然没阻挡后期感情浑然天成一气呵成喷薄而出。前半有多嫌恶，后半就有多欣喜。阿娟父母归来，他梦想“下山”，黯然离体验繁华都市的灰暗底色，独自忍受人间冷暖生活重担，狮头埋于杂物。他随清晨人群的醒来，敲醒心灵翩然起舞豁然开朗；比赛惊艳出场，气势十足斗狮，最后一跃不可逾越的擎天高山——那莫欺少年穷的奋勇与激越！光影场景真实感极强，狮头绒毛很细腻，那沾水时一缕缕的质感——雨水的处理国漫绝无仅有。但人物建模廉价，可谓冰火两重天。制作组亮出乐夏粉籍！五条人打底的广东地方味，中程有椅子城市哀愁之歌，终九连将感情送至巅峰——绝妙！,2950
2021-12-08 20:57:36,嘟嘟熊之父,三星,说句公道话，片方赚的每一分钱都应该拿出一半给周星驰，拿出两成给徐克李连杰，再拿出一成给马东。正片最后一个镜头彩蛋了，致敬阿彼察邦。,2164
2021-12-11 00:07:02,HarperDie,四星,每位渴望成为艺术家的内地新导演，都应该好好学学本片是如何设计场面、调遣运镜、丰富调度的。舞狮这样的传统文化成为了合理的叙事背景，不止是知识普及，更通过阿娟这样的弱小个体提炼出精神层面的坚定。而在美轮美奂的画面下，才是本片最出色的部分——城市的快速发展和传统文化的衰落是并行的。发展的代价太大，落在了人、文化、环境等方方面面。影片末尾的舞狮大赛，鲜艳的各色狮头背后是苍凉的阴霾城市，舞狮的凝聚力激荡人心，却也抵挡不住遍地的寒意。留守儿童的命运往复，很可能就是社会未来模样的缩影。影片彩蛋绝妙地点出了这层内核。当然，从叙事表达上，影片有着强烈的周星驰灵魂覆盖，对话的遣词用句可调整的地方也很多，是比较明显的遗憾。最感叹的是监制张苗多年来判断项目的眼光，市场进步不可或缺的一份子。,2195
2021-12-10 22:00:54,消亡之人,五星,狮头像个做梦装置，戴上就是雄狮少年。摘下，就回到生活本身。前半段的确非常周星驰。咸鱼二字或许已然成为他的作者性。无厘头的笑料不仅能调控煽情节奏，也是无数次现实因素对满腔热血的侵蚀。但一味模仿未免无趣。所幸电影没有止步于他。少年搭上大巴远行，工地，外卖，下下铺，开豪车的梦中女孩。楼分高低，人有阶级，这才是他人生的登山路。全片正是一种周星驰叙事与一种现实叙事的反复激荡，正如阿娟一次次得到又失去、戴上又摘下的狮头，正如每个小人物都曾在脑海中发生过的挣扎。你要梦想，还是生计？所以结局才那么好，在割裂中找到平衡。狮头挂在那里，生活依旧，梦却也在延续。很高兴有这样一部无IP原创国产动画电影，而它在呼喊梦想这个古老命题时又如此兼具现实性。如果一定要喊国产动画崛起，或许现在才是好时候。,3092
2021-12-08 21:32:39,陀螺凡达可,四星,感觉比近十年来很多高分高票房的国产动画都要好出一大截，前一小时有点不稳定，常规的插科打诨（有些笑料很烂俗很low）以及情绪铺垫处理得时好时坏，中段转折后，无论是掷地有声的故事本身还是节奏、情绪都变得顺畅许多。以往国产动画最常见的动画技术强但是导演能力差的问题也得到了解决，分镜和镜头运动都无可挑剔，最后高潮段落的掌控力也特别稳，没有常见的煽过头。PS：有一两段配乐过于耳熟不知是否存在参考还是纯属巧合,1596
2021-12-01 16:44:32,影志,五星,2021年度真正黑马惊喜之作，画风与故事的写实走向，代表国漫内容视角的全新飞跃，兼具中国独有的人文与民俗情怀，又不乏爆笑、热血、感动之观感。开篇水墨动画讲述舞狮历史与文化，已预感此片了不得；中间唢呐吹响、鞭炮轰鸣，交织励志少年的成长谱曲；最后咸鱼翻身、雄狮舞起，彻底奏响扶摇直上九万里的生命乐章。每次狮头直立、鼓点响起，胸口便会被点燃一团火，唤醒我们心里长存的一声吼。最后半小时太会抓观众痛点，燃到飞起，个人今年华语片Top3。“一山总有一山高，世界上总有达不到的奇迹”，没人踩的擎天柱，提醒舞狮人保持敬畏，而影片结局告诉我们，《雄狮少年》已无限接近这个奇迹。国产动漫原创IP难出佳作，5星是鼓励，更是值得。,3058
2021-12-10 23:47:55,Bird,三星,国产动画是不是不需要剧本,813
2021-12-08 15:18:11,科林,四星,光线折射的通透、狮头毛发的飘逸，技术性比戏剧性更突出的粤味国漫。致敬星爷，也撞车《燃野少年的天空》，故事就那样儿，讲的还是追逐梦想与生活妥协的矛盾冲突。可喜的是题材对准了处于当代中国人口底层的进城务工人员及留守儿童，这才是最具价值的人文关怀点。接地气的眯眯眼造型、带劲的国产民谣摇滚，及最后又燃又美的一跃，都很加分。,1154
2021-12-12 20:17:01,哪吒男,三星,梅花桩上有虚设的高台，房间里有膨胀的大象，我爸没有医保，我友内卷到爆，少年们，我们该跳起来吗？,399
2021-12-01 19:43:12,翻滚吧！蛋堡,四星,如果真的成为爆款，建议导演和九连分钱！,738
2021-12-14 05:26:21,朝暮雪,四星,很多人被现实按在地上摩擦，最终屈服了。也有很多人被现实按在地上摩擦，但他不认，他选择做一头雄狮，战斗到底。梦想和现实哪个更重要我不知道，但阿强的经历告诉我：一个人老了以后，不会后悔做了什么，只会后悔没做什么。宁愿做过了后悔，也不要错过了后悔。就像阿娟明知道此时当务之急是打工赚钱，他最终还是决定参加比赛。重要的不是将梦想变为事业，而是我曾经为之奋斗过，我尽力了。不求尽如人意，只求无愧于心。所有人都说跳擎天柱是不可能的，他还是要试一试。因为重要的不是结果，而是过程。虽然他掉进了水里，但他还是在擎天柱上留下了一些东西。不求名垂千古，只求在这个世界留下一些痕迹，证明我曾经存在过。是的，《雄狮》毕竟是电影，不可能人人都能成为阿娟。但有时，你也会得到电影里的结局。,476
2021-12-08 17:27:30,亵渎电影,四星,这部电影就像一个能量巨大的情绪炸弹，带着观众在100分钟的时间里坐情绪过山车，喜怒哀乐不断的翻转。为了让观众能够时刻准确的get到情绪，台词、配乐和角色的表情齐上阵，导演调动一切能用的视听手段，把情绪直接给到观众。热血和燃成了观影时最直接的生理反应，而且动画这种形式，刚好完美化解了真人表演时热血的中二感，有大众爆款的潜质。虽然是一部动画电影，它讲的却是一个非常现实主义的故事，讲留守儿童，进城务工和贫穷等成人化的社会话题，为了让少年们舞狮，剧本在角色身上加了好几层外力，为少年的舞狮提供行为动机和逻辑的合理性，完成了一个技巧扎实的好故事。看完这部电影，你会深切体会到那句话，少折腾话题，踏踏实实讲好一个故事比什么都重要。,595
2021-12-19 17:25:13,兔安叽,三星,看完就是生气。这么好的画面和题材，剧本稀烂。希望中国能出几个懂内容的制片人，别浪费了这么好的技术。老梗我都忍了，人物塑造失败是致命伤。,400
2021-12-05 09:56:55,Bork,一星,台詞極其低幼，情節極其套路——對五條人歌曲的大量運用，不過是借用一點廣東縣城的感覺，五條人同影片直露傳達的好鬥進取、艱苦創業進而逆天改命的理念不說截然相反，也可以說毫無關聯。當然，結尾對跳最高樁的結果和植物人父親醒來的表達收了一下、顯得模糊，彩蛋則顯示舞獅並未真正改變主人公打工人的命運，約可讓人善意地理解整部影片的正能量或許未必完全出自編導的自由意志。此外，暫且不論廣東社會的實況究竟如何，影片的表達對於女性可謂極度不友善：社會和舞獅行業堵死了女性的上升空間，技能再高超也僅可充當花瓶並早早退居二線；男性舞獅明星則將中年後的泯然眾人歸咎於以妻子為唯一代表的回歸家庭和事業的壓力，其重整旗鼓則建立在女性痛徹心扉的“悔悟”及全然擔下他的那份家庭責任的前提下。2021年12月4日14:30於太古倉3號廳，點映。,1169
2021-12-11 21:14:36,男娼起义,四星,后半段可以把它送上年度华语最佳影片…很有气韵…,698
2021-12-11 18:55:42,韦斯安徒生,五星,平平无奇的前一小时，让我完全没想到自己走出影院时会如此喜欢这部电影。本片后40分钟，好的一塌糊涂。这是难得不需神话打底的原创动画，为它奠基的是传统文化。终于，国产动画开始落地关照现实，讲的不再是凡人变成不凡英雄拯救世人，而是凡人变成自己的英雄。在它之前，未有任何国产主流动画的主角，是个在工地睡下下铺，白天搬砖晚上还要去送外卖的少年。他有一个梦想，曾遥不可及，可当它因为他的努力终于触手可及时，生存又让他必须放弃。阿娟决心告别舞狮前，在天台最后一舞。舞狮结束，朝阳升起，照亮正在生长却不属于他的城市，他内心响起舞狮的鼓点，激活一切澎湃，镜头给到成群结队进入电子厂的工人背影，那一刻他们仿佛也听到了鼓声。这个场景，应该被载入中国影史。,1981
2021-12-09 00:03:00,木石子,二星,我看到了今年电影院里最荒唐的一幕——开着豪车的女生对一天打八份工、并且还要赡养病重父亲的男主说，你要坚持自己的梦想。这种震撼绝不亚于白岩松说的那句“不会吧”！还有，国漫能不能别在贩卖“成功学”了，如果成功那么简单，那为什么我们的生活还是那么操蛋呢？,3666
2021-12-11 00:08:05,Summer,五星,喜欢，惊喜，是我近几年最喜欢的国漫电影。雄狮少年走向了现实主义，拓宽了中国动画行业的创作边界。整体观感极好：美术、影调、镜头语言、人物塑造、配乐、配音、情感表达、笑点泪点燃点……都可圈可点。加之这部国漫关乎传统文化——舞狮，无论从色彩，做工还是动作流畅度来看，在动画里的视觉呈现都无与伦比，质感一流。人文情怀，亲情友情，梦想现实……所有情感的表达也都真挚动人。开播不到三分钟，我就被完全地拽入进了画面之中，顺着主人公的视角，也想起了好些纷纷繁繁的年少回忆：错综巷道，街坊四邻，市集烟火，田野繁星……熟悉且深爱的亲人，四处撒欢冒险的小伙伴，少年文学作品，年少独有的天真理想纯良与不灭的精气神儿……回忆的加持让我与影片深度共情。有瑕疵，但瑕不掩瑜。支持国漫，希望大爆！,1627
2021-12-17 20:40:16,聚斯金德能否,四星,用心看完后，你不会去在意眼睛是大是小,578
2021-12-27 23:14:52,边喝芬达边洗澡,五星,雄狮不会在意自己眼睛的大小。,1114
2021-12-04 23:21:54,西楼尘,四星,虽然床底睡的是烂泥，但在天台闪转腾挪便有光芒。即使背上扛的是咸鱼，但在狮尾扛起狮头便能翻身。佛祖不理解弱者的祈祷，老天听不到病猫的咆哮。当你手上裂了口子，脚背沁出鲜血，当你在高桩采青，在长凳韬光，当你拼尽全力冲向擎天柱的时刻，那撕裂的狮头露出半张脸，你阿娟定会出人头地，命若雄狮。,353
2021-12-06 00:05:12,苏乏,五星,写过留守题材，极难出彩，因为易守难攻，强调“恨”和“帮”都不会有大意思，但自证太易入“假”，故事借助民俗的底蕴做了很好的补充，影片并涉及了一些不可言说的细节，弥补了主线略显单薄的处理，在进入第三幕完成了合题，甚至结尾颇有化境之感，更得益于导演（或监制）的视听品味和绝佳的音效及音乐处理，尤其在九连真人的前奏响起之时，沸腾之感相当明显，总体而言不负期待，申奥片有了,1090
2021-12-19 23:53:10,是陈二白呀🇨🇳,四星,比起最后的登顶擎天柱，我更喜欢阿娟在天台练舞狮的那一段，完美诠释了什么叫：生活的重担在肩上，但热血流在心头,260
2021-12-11 00:29:30,懵星,二星,好多人给了好评，满怀期待去看，全程：啥玩意？就这？一直期待结尾来点高潮，让我燃起来，结果一点感觉都没有。看到编剧是里则林，我一百万个后悔看之前没查编剧是谁。我朋友是觉得老套，所有的剧情都能猜出来。我直接说严重一点，剧情融梗严重，但融的梗都稍稍有变化（我能说编剧鸡贼吗？）。剧情发展本应该特别燃，但有时为了搞笑，放弃了塑造，比如在舞狮大赛初赛的时候，本应该有剧情片段是刻画他们成功赢了曾经比输过的队伍，但初赛的段落完全没有，反而把戏份放在了教练身上。到底是要讲年轻人的故事还是讲教练这枚老将的故事呢？编剧自己搞不清楚了。后来可能是为了增加时长，又让主角父亲出问题了，主角不得不去打工挣钱了……看到这里真的是无比生气啊。啥玩意啊。瞎胡闹！主角已经完成了成长，就应该让他一直杀上去啊！突然又整幺蛾子干嘛！,1358
2021-12-12 16:42:12,熊阿姨,五星,没想到看个动画片也要带纸巾，剧情非常工整，每个情节都不出意料，但线索铺得高级且克制，画面堪称光线大师。最珍贵的是，我们很久没看到一个真实的中国城市出现在屏幕上了，荔枝湾、芳村地铁站、红木棉市花都是真的，舞狮文化、留守儿童、工伤、一闪而过的富士康厂服也是真的，有这片子是广州之幸。,746
2021-12-18 18:54:02,冷冷内含光,五星,你能在一部动画片里看到工地，贫穷，也能看到理想和浪漫,803
2021-12-11 21:41:35,LOOK,三星,其实周星驰《少林足球》《喜剧之王》这类伪励志片的精髓在于，一个情境能够同时存在滑稽、荒诞、热血、无奈、苦涩、悲情多重不同面向的情感力量，让观众在瞬间不知道笑还是哭，悲还是喜，当然以这个标准来评判是站着说话不腰疼，但本片真的是过分按部就班，过分套路，过分励志以致幼稚单调。,225
2021-12-25 10:06:41,长庭,一星,下头电影，一堆人搁这自我感动，既不现实，也不尊重国人尤其是你电影里所谓的广东人，某些人能不能脱离编剧的廉价套餐，被电影套进去了还不知道好坏首先舞狮传统文化也得讲究基本逻辑和规矩，这就不是编剧随便架空脑补就完了，你这样子凭什么宣传片又宣传原创国漫，还原真实，以及弘扬传统文化？然后南方舞狮哪一个地方是不能赚钱的？不要求一直做，可以打工业余时间舞狮啊？18岁的舞狮冠军队有什么理由说放弃你扯扯，电影从架空开始就崩不住了，纯纯不理解不了解套舞狮模板的空白臆想电影，怎么吸引观众？最后只能靠铺天盖地宣发，想引用前面几部自来水方式来赚钱，建议签对赌协议前先自己拉编剧好好请专业人士审核一遍，活该亏票房,912
2021-12-19 08:38:00,Lyapunov,五星,活在杜甫的诗里，诵着李白的诗句,566
2021-12-11 19:40:03,Xaviera,三星,制作一流，从制作上看甚至可以说是目前看到最好的院线国产动画电影，非神话和非名著题材确实值得鼓励，总体来看很广东味，能在银幕上多看到南方故事还是开心的。但剧本的问题大到没法让我略过。每个转折位都像完成任务似的逐个打卡，叫阿娟的女角色有何用请问？台词分分钟尬住，“被木棉花砸中的英雄”，你来广州每年随便砸几百个好伐。从小西关长大的人看片子里的荔枝湾，真的是莫名诡异。另外最不舒服的一点，每一个和阿娟PK的舞狮队都是出阴招的，舞狮好歹也算习武之人吧？所以就阿娟那群人的精神就叫雄狮精神，整个圈子都是垃圾？（陈家村那位的转折也超突兀），值得一群废柴少年就算断腿都要拼下去的精神气就仅仅如此吗？喜欢的部分大概只有佛像和结局了。虽然剧本这样，但也希望票房好一点能继续做，或许下一部可以考虑拍拍爬龙舟？,181
2021-12-18 13:02:46,操蛇之神许汉文,五星,我话放这：这电影要是上不了20亿，在座各位都有责任。,681
2021-12-11 23:52:50,栗卡Rica,五星,如果说“我命由我不由天”太过空泛，《雄狮少年》只是让你重新想起心中的鼓点。它讲的根本不是改变命运或实现梦想这些口号式的话题，因为输赢不重要，成功与否不重要，自身以外的价值评判体系不重要。主角的人生可能只有这一个高光时刻，之后和所有普通人一样打工为生活奔波。那又怎样，那个高光时刻足以照亮今后的漫长黑夜。,585
2021-12-18 12:20:58,烙鱼,五星,喜欢这个结局，不强行煽情，不强行he or be，不强行恋爱,507
2021-12-13 14:34:49,不散,四星,心中有鼓点，“世界万变，也不失这志气”…音乐用的很妙啊，已知歌单：《道山靓仔》五条人乐队、《纸飞机 Fly Away》廖颖轩、《世间始终你好》甄妮/罗文、《Rollin' On》椅子乐团、《今夜无人入睡》、《莫欺少年穷》九连真人、《无名的人》毛不易,196
2021-12-25 04:36:56,陈矮,五星,天台舞狮戏真见功力，导演刻意省略了主角在广州依然每天练舞狮的桥段，直到你以为阿娟已经放弃舞狮时，才给你看满墙的红勾，但他舞得磕磕绊绊，难道功夫还是荒废了？不是，他随即闪转腾挪起来，不像以前那么激昂，恍惚得像醉了，你明白是他内心挣扎。突然太阳升起，逆光几重高楼，张开手，你以为他要迎接挑战去比赛了，但没有，鼓声中几组极度写实的城市社畜众生相彻底打破豪迈，原来真正的挑战不是舞狮，而是城市、生活以及被剥削的大多数的命运。诀别之舞，出台词：山路看不到头，我只能往前走了——山是哪座山？他是准备放弃还是准备面对？梦想和生活两条同样沉重的线索在这一场舞狮戏里来回碾压，想当雄狮的少年还是病猫却在病猫的境遇里找到了力量，“弱”与“强”合成了同一个主题，情绪极端复杂处理却又简单准确，还有余裕跟观众玩猫鼠游戏，厉害,394
2021-12-26 22:31:43,胡天柒月,四星,看过电影如果还管这个叫“乳化”，那眼睛真的跟没长一样。,114
2021-12-18 22:44:29,废话不连篇,五星,没有一战成名 没有荣归故里 有的是烟花落幕后 经历平凡而真实的人生 但我们还是要 永远做一头雄狮啊,376
2021-12-25 14:14:58,裂裂的精神角落,五星,请不要再给用心制作的国漫泼冷水了。无视那么好的内核，却只去争论形象设计，接受非日漫非美漫的审美真的很难吗？至少认真看完再问问自己，你真的觉得这些人物是在被丑化吗.,366
2021-12-09 23:54:46,塔塔君Minkun,四星,那些游离在现实主义边缘，在农村这个原始空间最为“显灵”的、人们所迷信的似有似无的神性力量，其实和少年在广州舞狮时，他背后那片随着冉冉升起的太阳而开始一天运作的城市，无非是同一物。少年从农村到城市一直都生活在这巨大而无形的系统/规则中。也因此，这种因为商业动画电影戏剧性所需要的奇迹并没有让（国产动画难得看到的）现实主义在最后变成好莱坞式的廉价浪漫，而且比当下国产动画所流行的“我命不由天”叙事更进一步的是，即便巨大而无形的力量可能有时候会化为奇迹，但更多是在创造奇迹后，奇迹并没有让生活的庸繁苦闷迎刃而解，只是在人生中仅此一瞬降临的神圣，改变的只有是继续生活在系统中作为个体的人。,150
2021-12-10 22:35:52,大奇特(Grinch),五星,整部作品在精神气质上没有迂腐的匠气，而是充满热忱与新颖，挖掘出道地的岭南风情和民间生活的趣味，提炼舞狮的精髓，而且处处充满现实主义的人文关怀。剧作/人物成长更得了周星驰电影的道，舞狮是皮，喜剧是形，励志是魂，对传统文化实现了创造性转化。虽是动画，却是用电影视听完成叙事，行云流水、挥洒自如，甚至不似看动画，每个细节都很精心——小到落叶、水滴落下的弧度与速度，动作与音乐的强弱协奏，大到城市/乡村和人物情感的距离。天台独舞和最后的踩桩采青更是壮观的。角色发展在意料之中，离乡飘零和重披战衣，随上山下山的舞狮哲学所交融。文化根源随人物气节而重生，未曾“睡着”。,290
2021-12-19 17:40:29,张小北,四星,对于国产动画电影来说，真的是一个全新气象！高燃第三幕放在真人电影范畴内都是可圈可点的段落了！尤其喜欢最后的彩蛋，普通人或许无法用自己喜欢的事情去改变命运和生活，但它可以点亮内心，改变我们自己。,118
2021-12-10 20:53:45,耳朵失灵,二星,故事真的太土了，笑料也还停留在周星驰电影的阶段，别来个电影就国产动画之光了好吧，光都累了！！,1136
2021-12-19 01:25:51,云南看云,五星,国漫电影终于从拍神变成拍人了！,309
2021-12-11 17:00:09,panjunci,二星,留守儿童背景就是个幌子，就是营造困难的机器，爷爷和父母这样重要的角色没有任何刻画，就为了突出一个惨，十八岁的孩子没有上过一天学，而且是三个。舞狮是传统文化的幌子，学习过程没有任何关于这项传统文化的科普，完全就是为了升级闯关的幌子，而且在舞狮环境大好，甚至可以举办比赛的情况下，这四个人舞狮就是不务正业，没有出息，反观其他舞狮队个个神采飞扬，用鼻子看人。人物关系也是强行粘合，主角想舞狮的初衷，一半是为了爱情，其他配角就是完全的搞笑配件，两个人舞狮的动机没有，狮尾和狮头的配合没有，打鼓在舞狮中的作用没有，总之就是凸显主角一个强，一旁的群演人物，一说话，就是为了骂主角四人组，怎么难听怎么来，做作至极，全员恶人。另外，公交车的铁锈都可以做得栩栩如生，我不明白这些人物在恐怖谷边缘徘徊的眼睛是什么美学。,923
2021-12-11 08:52:57,喵咪咪,二星,大家真没必要这么捧场吧，各种尬吹。讲故事的能力非常差，台词尴尬得我把沙发皮都抠了，镜头的流畅性差（导演想表达的东西太多了，多到生怕观众不知道)，合作编剧以后就换一个吧。那些说燃的，早上开早会多吼两句一样也很燃。@金逸影城杜比影院超前观影,953
2021-12-10 21:15:26,猫奴十二年,二星,剧本欠打磨。简单说几个很不适的地方：1.喊口号，几次以“李白“为题的脱离叙事和情感逻辑的鸡汤；2.建立在一个写实基础上的动画，居然会出现用脚气解决困境这种无厘头的方式；3.最大的问题，是故事并没有让我感觉到“舞狮“是主人公咸鱼翻身的唯一选择，所以后来发生的一切，都牵强刻意。,770
2021-12-05 19:13:24,有心打扰,二星,主角：“你相信奇迹吗？”我：“不，我不相信。”剧情老土陈旧，毫无惊喜，高潮处更是令人尴尬得脚趾抠地。为了三个主角的励志人生，否决了其他所有辛苦锻炼的舞狮队伍，这是看不起舞狮？还是看不起努力？这种片也就哄哄小孩子了，我不配看。,511
2022-01-02 23:39:52,ileana,五星,这不就是中国人自己的超级英雄片吗？不是拯救世界，拯救人类，而是接纳自己，打破恐惧，迎难而上。广东边陲的小镇，留守的病弱少年，外出打工的父母，镇上的阿猫阿狗，备受欺凌、孤苦、穷困，但内心却有火焰。想成功，想做一头雄狮，想有奇迹，主宰自己的命运。有人说这很狗血，像一碗烂俗的心灵鸡汤。可这正是底层中国人的生活，有渴望有什么不好？成功是不容易，可人都有做梦的权利。人有信念才能所向披靡，哪怕一生只成功一次。,178
2021-12-12 15:44:47,惠子,一星,1.都是女人毁了男人最初的梦想；2.女人帮男人实现梦想就是弥补当初的“后悔”；3.女人应该做男人的梦想启蒙导师；4.女人有了一定成就之后就该退居二线恋爱结婚把舞台让给男人；5.中国人娱个乐都要内卷至死；6.实现梦想的人也无法摆脱打工人的命运。,832
2021-12-10 15:09:10,奇爱博士,四星,《雄狮少年》破除了“高概念+奇观=成功”的迷信，下功夫去呈现服帖的口型、入耳的对白、流畅的动作设计，虽然还不完美，但努力让技术跟上自己的想法，画里画外都有一种钻研劲头。训练过程不过分煽情，结尾大战也不拖泥带水，全片看得人心里敞亮。更加出挑的是，它的少年义气根植于清醒和成熟，越到后面越写实，故事立意经得起推敲，成就了中国眼下非常稀缺的合家欢动画片，应该爆。,198
2021-12-11 19:12:23,张咏轩Wayne®,二星,营销咖集体推荐的电影，其实除了美工外，各方面都平平的国产动画，从剧本到细节落实可诟病的地方太多，俗套追梦人，留守儿童议题，在梦想和现实里做选择，平凡无奇也能登顶神坛，可预料的国产动画元素，可想象的剧本落脚点，对于南方乡村的风光和人文刻画的很有神韵，但通篇对于梦想的描绘以及师徒四人的互动，桥段非常尬，自以为是的矫揉造作，临摹周星驰小人物的篆刻风格，甚至一些剧情直接复刻粘贴，电影的前半段由于角色的样貌和妆容，以及对于醒狮文化的追随，想当然式的梦想集结，特别生硬的展开叙事，后半段阿娟外出打工，现实照应让观众焕发出同理心，算是正式给出代入感，结尾处醒狮斗法，依旧是无厘头的“臭脚”幽默，部分场景热血沸腾，但梦想一步登天，太有偷懒之嫌，陈腔滥调的故事内核，短暂又收敛的技术狂欢，还不能完全说服观众。★★☆,470
2021-12-26 18:40:04,F,五星,开头五条人的《道山靓仔》，中间是椅子的《rolling on》，闫永强的唢呐，九连真人的《莫欺少年穷》，结尾毛不易的《无名的人》这部电影的音乐真的很踩我的点。也许故事还是很老套，但我确实在最后哭得哽咽，一直在影院坐到电影黑幕，出来的时候天已很黑，空气里是一股浓郁的臭豆腐味，口罩被泪水打湿在冷风中贴着脸，很冷，可是身体因为动容的哭泣而阵阵发热。真好，在年末看到这部电影。,196
2021-12-29 23:17:36,七公,五星,就为了那飘动的狮子毛都值得个五星。不用说配乐，叙事节奏，高潮燃点。真是目前为止的最佳国漫了。不吃老祖宗的神话老本，踏踏实实的现实题材，能搞到这个水平，别无他求了。,178
2021-12-28 23:22:08,Shing Chen,五星,说什么RH的都有点儿强词夺理了，人物造型上的创新我从最开始的海报和预告里就喜欢，可能是有那么些向欧美动漫化方式借鉴，但我不觉得是刻意为之。尤其当阿娟剃了短发后，我想到了我侄子，所以后来看他那么辛苦，我都泪目了。故事本身是我喜欢的那种动画片该有的热血和励志，比当年的大圣归来都不差的煽动力，要说作为动画电影的不足，我想可能大概只有笑点不太够这一条？电影配乐见识到了国产电影的进步，插曲几乎要将乐队的夏天给照搬过来了，连阿珍和阿强都以角色名植入了。电影结局没有直接说跳上了擎天柱这个最开始就伏笔了的悬念，想象出来的英雄花和雄狮是一种动画片特有的浪漫主义，也让跳失败了的擎天柱的现实真实中没有丢童真该坚持的不切实际的想象。,200
2021-12-06 21:44:16,星垂平野,一星,人物完全是被推着走的，不是自己主动的行为。人物描写刻画全靠旁白，而非动作和画面。师母的后悔只是太过情怀的对梦想的追逐，并没有其它的考量。很多地方不符合逻辑，也不符合现实的情况。,851
2021-12-12 20:47:44,一念無明,四星,小镇做题人，满墙三好生。依旧摸不到，一线后脚跟。要问谁的错，我可不敢说。,150
2021-12-11 18:08:42,烂瞓,二星,一星给画面，一星给音乐，俗套没逻辑的剧情和混乱的电影节奏。                                                                     开分后更新：8.3的分让我惊讶，大家对国漫真的过于宽容了吧。不提俗套剧情的选择，这种俗套剧情都没写好逻辑，一切都是为了舞狮推进。主角需要两个朋友一起，就来了两个朋友，主角需要一个师父就来了一个师父。碎片式的台词，尴尬的对白。套个传统的舞狮，大家就宽容成这样了么？一味的吹捧，国漫怎么进步。,324
2021-12-20 07:59:32,Mia,三星,给开头的《道山靓仔》和结尾的《莫欺少年穷》加一星。国漫如果还是用这么老土又过时的内核，画面再精致也是枉然。,157
2021-12-09 21:58:43,欢乐分裂,四星,狮头里主观视角望出去的一线天地，摩天大楼挨挨挤挤间的一缕朝阳，下下铺板条割出的一方逼仄，这就是病猫们努力生存的空间，在遥远的梦想和困窘的现实之间做两难选择——然而仅那一束窄窄的光，一串激昂的鼓点，就足以支撑起这些失意的无名之辈越上高阶；无疑具有港式小人物励志风味，咸鱼如何翻身，梦想怎么达成，在生活洪流中不由自主的我辈是否能安身，最终以兼有现实意义的笔触和携有夸张戏谑的写意合力完成热血输出，这些或许并不独创的元素被糅进一个张弛有度的故事，很有看头。开场基调就定位准确（赞美配乐），浸润着方言的小镇氛围满是乡土的亲切气息，舞狮题材不仅有新意，更有传统文化的普及功能；人物脸谱终于摆脱审美疲劳，具有各自神韵；景物很实景感。,143
2021-12-11 20:11:22,德克斯特,五星,大意了 没有闪😂,204
2021-12-04 17:55:21,汪金卫,四星,可以给四星半。看片前没有任何了解，片头过后一瞬间就被画面震惊了，应该是我看过的国产动画里环境建模最真实最出色的。无论是乡村、城市还是树林、街道的环境质感均如照片般现实，非常惊艳。相比真切的环境，人物造型、动作有不少夸张成分，倒也不违和。舞狮的题材和热血的剧情、广东地域风土文化、粤语粤音、《功夫》《黄飞鸿》等港片文化的元素交织，相得益彰。情节设定十分套路，但在传递足够“燃”的热血感、节奏感、力量感的同时，也展现了城乡发展与阶级差异的现实。收尾戛然而止，倒也干净利落不拖沓。阿猫阿狗也同样要追梦，咸鱼翻身后仍然是咸鱼。,196
2021-12-11 18:12:16,邓安庆,四星,喔，好看！制作精良。尤为喜欢片中对岭南乡村的生动呈现。故事是典型的“弱者逆袭”的叙述模式，但依旧看得热血沸腾，原因在于前面情感积蓄得足够多，到后面释放时才如此动人。看完后，我想这是留守儿童的一个梦，多少人能够真的从如此艰难的处境中绽放出来呢？很少。很多人只是重复着父母辈的命运。,127
2021-12-23 23:23:14,看荐姐,五星,四星半，其实瑕疵不少，上半部密集的琼瑶式宣言，情节转换略跳脱，人物表情不够丰富...但，依然愿意给高分。尤其是下半部。因为太真挚了。太特别了。这是从形式到内核都只属于中国的故事，且聚焦的是茫茫中国大地上最不吸引媒体高光但也许分布得最广的一批人。从留守少年，到进城务工人。听上去是两个群体，两代人，但往往就是同一个，因为有时命运就像身在泥沼中，越挣扎越深。他们是父母远在大城市的孩子，从小被欺负到大，本可以茫然无措混一辈子。他们也是进城后，放下雄狮头颅，清早迎着朝阳，穿灰色工服进厂，攀爬脚手架，搬运重物，送外卖，晚上披星戴月回寝室，蜷缩在下铺下那一丝窄窄空间的打工仔。从缝隙里睁眼望见的雄狮，黯淡落灰，是个遥远而不切实际的梦。但这个放下梦想的孩子，依然是伟大的。谁又能说，追逐生活本身，不是一种伟大呢,183
2022-01-01 23:21:36,Yakuuult,五星,小问题不少，但走心程度让影片瑕不掩瑜了。今天很巧买到了有导演映后交流的场次，有个战狼男观众提问导演为什么要给人物设计成“眯眯眼”，导演大概意思是说他的电影是为了真正的观众拍的，他相信真正的观众不会有这个问题，讲完这句全场疯狂鼓掌。,141
2021-12-25 10:43:13,Linkon,五星,官媒讲政治正确讲过头了，养蛊了吧，这么好的电影都被黑造型……,222
2021-12-17 16:33:19,Gintoki,二星,最近看过最恶心的片子。1.片中女性绝对无法通过森真子、性感台灯测试。2.坐豪车的女主对打工男主说你是被英雄花砸中的人，我和朋友直接笑出声。3.无处不在的外貌羞辱，还自以为幽默。4.太阳刚了，不适合娘炮、男同、第二性别人观看。,194
2021-12-28 11:36:52,豆友,五星,零零年代涌入广东为中国的经济腾飞付出汗水和青春的无数无名者，终于有一天你们被写入了主流电影,149
2021-12-16 13:04:59,9,一星,不燃不好哭很尬,482
2021-12-22 23:52:33,sc,五星,我真的觉得很不错 不知道为什么 现在会变成这样 莫名冒出来这么多人借着爱国的幌子各种扣帽子 当个正常人吧,164
2021-12-09 23:04:35,寒枝雀静,四星,C / 鬃毛零落花叶飘飞的一刻仿佛有Zima Blue式的美感，然而这一刻的幻化却又显得有些虚浮——因为人物戴上这一身铠甲的过程本就太过自然而然了。他们身体的变化被缩减为精神试炼，同时这“面具”并无它沉重且陌异的“物”的一面，仅仅是一个必然会证明意志强健的标记。因此这灵光一闪更像是一种空虚中的无力提炼，而非所试图捕捉的虚与实的瞬间共在。或许还是被大半段想当然的拜师学艺故事给耽误了，也被随时摊开每段回忆准备煽情的全知叙述耽误了。而重心也渐渐坍缩于一种单一的“现实”（尽管能有这样的呈现已然不可多得）之中，飞不起来了。,147
2021-12-11 17:31:07,晚不安,四星,其实调性没有做到十足统一，前半段不少情节流于虚浮和滑腻；《少林足球》的现实底色和无厘头表演可以达成完美糅合，《雄狮少年》多少缺了些这样强大的创作自信。中段画风一转，进入农民工叙事，尽管蒙太奇高速切换，还是有残酷的生存细节接二连三地冒头。收尾实在利落，情节设计结实地击中到我：配乐和分镜准确地搭配，想象力和少年心气一齐迸发，但也不忘加上一个彩蛋，消解了“我命由我不由天”的神话。在奇幻当道的国产动画圈，多一星给主创选题的勇气。,128
2021-12-22 18:42:32,顿河,四星,可以放开说了。我觉得比起一二幕的稍显草率，最大的遗憾是审美的整体性和原创性欠缺。但第三幕就是我们自己的鱿鱼游戏，也为触及留守儿童的现实主义打个Call，好看的。至于所谓的争议事件，只能说太坏了，什么时候我们不被概念定义，我们才能定义概念。,67
2021-12-23 19:25:34,选择困难症,五星,看过心里还是很不舒服，生活太过苦涩。舞狮获胜对生活来说改变不了什么，其实挣得就是一口气，证明自己不是废柴，日子还要照常过。但是少年的内心强大了，成长了，只是着实过程艰辛。喜欢片子的地域风情，很接地气，也不是英雄，只是平凡人而已。配乐很棒，人生就是上山下山。,144
2021-12-10 00:50:56,木卫二,三星,星仔想舞狮。对于把周星驰和《少林足球》看到滚瓜烂熟的影迷而言，《雄狮少年》无论化用广佛的市镇风貌和舞狮文化，还是约略采掘了广粤复杂方言语境（五条人的海陆丰和九连真人的河源等），都不如在造型、广普和人名上的密集致敬。小人物翻身的打底，却制造出了退无可退的群体尴尬和原乡沼泽。动画片很大程度抑制了现实主义的细节不妥，也让更多人欣快接受热血的后半段，看似老套，已经被香港武打动作片拍到尽的的舞狮打比赛，反而交出了流畅自然的新意，技术上无可挑剔。,95
2021-12-25 17:00:49,genius_at,五星,这次才是真正的文化自信,173
2021-12-11 12:54:58,阿德,四星,和当年看哪吒一样，又一部让我找回看港片喜剧快感的国漫，没哪吒搞笑，但却更热血，与舞狮的结合更是亮点，五条人和九连的配乐用的也非常出彩，快爆吧！ps：结尾的魔幻现实处理太赞了，个人觉得高潮就应该定格在此，彩蛋略多余。,64
2021-12-29 21:28:31,吾荐,四星,眼睛并未让我产生任何不好的联想，如果有，那就是整张脸绝类狮子，莫非有意为之？阿猫太像悟空了，以至于我把阿狗认作八戒，阿娟认作三藏，尤其是他刚剃完头的那会儿。,76
2021-12-08 22:09:19,子戈,四星,看完了第一个想说的是，如果不是国产动画，这片儿一定会被骂长相乳滑。形象设计确实和“美”不沾边，但气质很对，它是一部关于留守儿童的电影，从直观上首先就做到了平民底层的质感。如果说大陆电影这么多年有一部最接近“周星驰”内核的电影，反倒是这一部。影片对于小人物下手足够狠，明明以为到了最底层了，发现还有下下铺。而最后的励志一方面很燃很痛快，但另一方面，它并不会真的解决任何问题，它只是一种纯粹精神上的飞升。这个对小人物确实很重要，就像尹天仇最后公演成功，但仅仅也是在“街坊剧场”而已。与此同时，影片设计了另一个处于更高阶层的女性角色，复盘整部动画，其实在说，舞狮——这个被更高阶层的人放弃了的选择之一，对这个底层男孩来说，或许是唯一可以精神胜利一次的机会。这又从另一个侧面触及了“周星驰”式的残忍。,109
2021-12-24 16:13:59,巴伐利亞酒神,四星,导演是个乐夏粉吗，从五条人到椅子乐团到九连真人又听了一遍。然而，还是想说处理的很高级：燃的很俗套，燃的也很真实。就像片尾，喜欢的女孩仍旧是别人的女朋友，生活还是日复一日地去工地搬砖。这不仅仅是一部关于舞狮的电影，这更是一部关于人生的电影：即便身处阴沟，也要仰望星空；就算身居陋室，也不要忘记你是一头雄狮。更何况，那还是一间推开窗户就可以看见东方明珠的陋室。所以少年已经用坚定的眼神做出了回答：他可以被生活打败，但永远不会向命运屈服。,46
2021-12-19 02:20:56,Rebecca Z.,五星,任谁都能看出来剧本套路的问题但是美术和分镜也做得也太棒了！！因为足够诚挚，试听表达打磨得足够细腻，所以一个老生常谈的励志主题被讲述得极其有说服力，被煽动情绪也只觉得心服口服。太喜欢舞台上的狮子和高楼天台上的狮子对望的那一幕了，是会被纳入我心目中电影经典画面的程度。,144
2021-12-21 08:59:21,Singin'in rain,五星,终于看到一部高质量的非神话国产动画电影了！结构和套路确实传统，但是玩出了花，浓浓的烟火气，以及留守儿童、打工人、小镇生活等现实因素的加入，让电影成为描摹广东生活的画卷。每个人的心中都有一头雄狮，可以是舞狮，也可以是任何小小的发光的自我。,116
2021-12-08 23:22:29,思路乐,三星,【B－】一直反感当下主流3D动画中近乎走火入魔的拟真质感，也同样对港式励志喜剧的剧作套路无感。但在《雄狮少年》里，两者却在我的审美排斥下共同组成了另一种别样的存在，也就是现如今各种虚伪真人主旋律的轰炸下，我们竟然要在动画电影里才能找寻现实主义的表达。所以画面上的拟真追求有了落脚点，城市影像的介入实在是意外，缝隙中的朝日是全片高光所在。不过那些“高燃落泪”的评价仍然是可被计算的，但与其他纯粹消费题材的作品相比，本片高明之处便在于懂得收敛，知晓前方的真正壁垒所在。所以结局可以看作另一种《灌篮高手》，他们把梦留在了最高点，然后继续生活。,131
2021-12-11 20:14:39,连城易脆,四星,其实我并没有觉得有那么那么好看，当然在我这里大圣归来、哪吒之魔童降世也就是还行，只是对于动画电影我会更多持鼓励的态度。当然本片确实有很多积极的意义和可圈可点的地方，很多人评价里也提到了，首先不再是老掉牙的神话题材，是原创IP，而且还偏现实主义，又有较多的方言和地域特色，更有九连真人和五条人的插曲，对于舞狮这类传统文化的展现和最后的高潮部分都非常值得一提，同时结局回归现实，对阶级的展现也算是比较难得的。相信张苗自己都没料到电影口碑会爆得这么出色吧，陈思诚不知道会不会焦虑，或者感到背后一丝凉意？误杀2会被截胡吗？其实我持谨慎乐观的态度，以及并不赞同在工作日进行点映的策略。下周二误杀2的点映会看出端倪，毕竟背靠万达，雄狮在市场上能跃升到擎天柱吗？拭目以待！,50
2021-12-18 18:32:11,顾左右,四星,中间叙事节奏有点拖沓，但是但是，最后那纵身一跃和前往上海继续打工，是非常成功的一笔。令人想到所有心怀理想的小人物面对命运压榨时候的“不认”，高光之后回归现实，一切都没有改变，但是一切都不一样。这种现实的理想主义做派，在热衷“造梦”的动画/国产电影中少见，不得不加星。（我也被木棉砸过，虽然在广州没见过那么漫山遍野的木棉）,57
2021-12-17 18:56:43,吃掉太阳,四星,"大银幕上已经很久看不到穷人了。这是2003年左右的故事，我才意识到，我们国家这些年的确是发展得好快，即便是建筑工人，工资还是不错；留守儿童也都长大了，有的都成了爸妈。但国家强大的背后，很大程度上正是由于牺牲了底层劳动者对于感情的诉求。当然，文本还是有一些瑕疵，但是这种题材的国漫当然应该支持。歌好好听，让我想起了2020年的乐夏，五条人出息了啊！开片就是《道山靓仔》，中间还有椅子乐队的歌，但歌曲之间稍微有点密集，不免有煽情的嫌疑；我很喜欢彩蛋，几个简单的镜头把人瞬间拉回现实。奇迹是给努力的人，但有些现实是即便努力也打不败的。",77
2021-12-17 16:15:59,深思,五星,这个画风不是挺好的吗，非得眼睛占脸的一半吗。别管有些人在那儿就莫名其妙的点而抵制，买票就完事了。这样的制作，动画题材的突破，不去看一下中国动画才是真的完了！一群魔怔人怼着无关紧要的点在那儿说还挺无语～～～～～～～前半段真的拉（其实就是国产剧情一般水平），但是后半段看起来就非常舒适了。狮子做得栩栩如生，动作设计也不错。特别是后半段的人物表情也更生动了，看到后面真的会忽略长相。而且，终于不是奇幻电影了！！,179
2021-12-24 10:24:26,皮革业,四星,有片方愿意投这种原创、成人向、现实题材动画电影，算是一种进步，给个鼓励分。剧本问题比较大，不说周星驰20年前的文本是否过时，纯喊口号式的二手金句台词实在太尴尬了，也跟片子的现实基底完全不搭。大幅减少对白的第三幕观感立马提升，完全靠视听呈现的高潮收得漂亮，导演明显优于编剧。,29
2021-12-27 17:16:39,🙈🙉🙊,五星,天台独舞，苏醒的不止有心中的雄狮，还有整个城市，伴随朝阳升起的鼓点，是属于这个城市的心跳和呼吸，这段戏完美呈现了平凡人的生活,128
2021-12-12 00:57:03,绿绿葵,五星,冲着最后让我洒的热泪，怒打五星。国产动画里终于有一部现实题材的好作品了，还原真实质感的画风，扎根平民的故事创作，小人物的平凡与伟大，而动画的夸张浪漫更多地用于表现舞狮场面。那股不向现实低头的劲儿，太让人动容了。哪吒的“我命由我不由天”很难让人感同身受，因为他依然是高高在上的神。阿娟的腾空而起却能让大多数人破防，因为他就是我们身边的人，甚至就是我们自己。,137
2021-12-26 09:15:37,hawua,一星,对不起，个人观感，画风让我生理上倍感难受,452
2021-12-08 23:23:30,Annihilator,五星,2021年度十佳。可谓剧力万钧，情节随着男主角形象的改变而疯狂演进，但却又时刻通过相似的结构来回旋至原点：从男主角等待父母回来，到三人组等待男主角回来，不变的是对小镇-城市的阶级空间划分的强调。由此电影成为对仗工整的两部分，第一部分的僵硬与不平衡在中段的那个极度惊人的变奏后被彻底盘活——当男主角在第二部分重访“舞狮追梦/接受现实”的选择时，原本周星驰喜剧式的、略显空洞的口号在足够的积淀作用下，复归为行云流水的叙事、与一泄如注的情感。同样，十足二次元老梗的“打破日常的天降少女”这一开篇人设，在第二部分被重新填入阶级身份并产生新的意义，竟然微妙地创造了小镇incel与都市女性之间的共同境遇。即便热血，创作者们从未忘记底层的真相，因此在尾声的奇迹之后，仍有彩蛋负责将观众拉回现实，留下的不过一张照片而已。,134
2021-12-23 11:57:03,先知,五星,黑人不让人叫尼哥还分别人和自己人呢。咱们自己因为一张脸喷的不可开胶。你们的虚荣好面和护短已经深入骨髓了。,111
2021-12-22 04:44:40,英年早睡,三星,3星全给画面，纹理真的做得太好了，狮头的须，飘动，逼真度自然度满分！还有舞狮时候的步伐都非常好看！但剧情是什么鬼？一个前度冠军无端端去一个乡下，送一个那么贵的狮头给一个陌生人？几个门外汉在一个已经荒废十几年的教练手下练了几个月就能夺冠？合理性已经全毁了，就靠打鸡血推进剧情！最无言是最后那一幕，硬就是要宣扬这种精神胜利~明知不行还要冲是燃，但把狮头挂上去那种虚荣太恶心！这个时代怎么还追求这种阿Q精神？还一堆人觉得激动。。。。。,114
2021-12-24 18:20:54,WUYU,一星,单纯人物长相恶心到我了,283
2021-12-24 18:00:05,费文轩,一星,眯眯眼是真恶心,259
2021-12-25 01:22:24,棉花狼,一星,电影剧情还可以，可以给到4星甚至5星。但是剧组的发言和态度让我极度反感，做错了就要认，而不是用不知哪儿来的优越感来颠倒是非，艺术没有国界，但是艺术家有。另外，请剧组不要把观众当傻子。～～～～～类似这样夹带私货的影片的确是用心险恶，它就是用巧克力包着屎给你吃，吃完你说巧克力里面有屎，他却说你不懂巧克力，然后就可以堂而皇之的对国内的人民进行分化和对立，从而实现其不可告人的秘密㊙️不得不说剧组通过眯眯眼来捧洋大人的臭脚来恶心全体中国人，汉奸不可怕，就怕汉奸有文化，真心让人恶心的汉奸无过于这种夹带私货的汉奸剧组了吧，他们如果真的不懂艺术也就罢了，就怕他们是真懂，细思极恐！！！,261
2021-12-11 18:27:30,河狸,五星,咸鱼店夫妇叫阿强和阿珍，预告片插曲又是五条人的。所以我期待了一整场《阿珍爱上了阿强》。,115
2021-12-18 18:16:00,端舞,三星,对于国漫来说，技术早就不是最大的问题了，审美和故事才是。人太丑了啊，太丑了，还是每一个都丑……故事太旧太馊太硬了，周星驰能气吐血那种。,97
2021-12-18 12:25:24,neon,五星,不是2021年度最佳动画，是2021年度最佳电影，弘扬国粹,146
2021-12-11 16:26:11,想恰蛋烘糕糕,一星,"每次当我对某部电影和大众认知南辕北辙的时候，我都会怀疑是我疯了还是世界疯了。就当它是好看的吧，虽然有很多莫名其妙的运镜处理，虽然前一个小时的节奏都乱七八糟，虽然最后两处鼓点和音乐都烘托剧情要燃起来的时候咔咔进闪回让人情绪一下子就掉了，虽然很多剧情都不合常理，虽然是老掉牙的小人物追梦主题。就当它是好看的吧，美颜相机滤镜也就图一乐，要说牛逼还得是咱国漫滤镜。",549
2021-12-08 23:28:21,某J。624,三星,值得去影院贡献下票房，周星驰、五条人、九连真人……虽然优缺点都非常明显，而如何平衡故事与技术上的差距依旧是国产动画的漫漫长路；后半段优于前半段，特别是少年推开天台的门开始，一气呵成。到最后，总是哭着求神拜佛的少年终于化为雄狮，上山下山，路自在脚下。,91
2021-12-26 23:29:03,Eileke,五星,即使前半段有各种各样画面上的粗糙，也会被最后雄狮跃起的那一刻热血到浑身沸腾。更感动的是结尾，没有升级后的皆大欢喜与家人团聚，而是在彩蛋里告诉我们成年人世界的残酷——你可以为了梦想搏一搏，但最终都要面对现实的生活。这样的结局第一次在国产电影里看到而且还是一部动画片，很敢很真实。,122
2021-12-11 16:10:45,噗效愚,五星,想要燃很容易，但想要浪漫很难，这个片子偏偏就拍得很浪漫。有些笑料还是有点傻，但是一点儿不坏，不叫人难以忍受，虽然五条人和椅子那两首加得很生硬，但九连的奇特前奏偏偏就放在最合适的地方。挑战时刻难免有辩护人即视感，可是有精彩的动作把这一口气顶上去了，而动作之精彩比比皆是。几处狮头内外的视角也非常喜欢，看狮头里的人，看狮头里什么样，从狮头往外看。觉得它好，并不只是出于年底院线一塌糊涂的原因，本身也挺好的。,74
2021-12-25 16:41:23,ce?!?!?ce,三星,1、女孩子的梦想要靠男去实现。女阿娟：我爸妈不让我舞狮，我本希望能在第六届舞狮大赛上看到一个和我一样名字的少年；2、阿珍靠卖咸鱼送咸鱼去实现咸鱼强舞狮的梦想，为了男甘于奉献；3、男阿娟：妈妈，你在家好好照顾爸爸和爷爷，赚钱的事就靠我了 等等。自己做个记录,69
2021-12-19 14:09:37,离桑,一星,中国影史之耻没有之一,119
2021-12-11 22:36:56,And Astra,三星,一面以传统文化受到冷落为全片背景，一面以众多舞狮队对冠军的争夺为高光时刻，悖论的产生使得本片只能成为不太美味的鸡汤,68
2021-12-18 18:32:11,顾左右,四星,中间叙事节奏有点拖沓，但是但是，最后那纵身一跃和前往上海继续打工，是非常成功的一笔。令人想到所有心怀理想的小人物面对命运压榨时候的“不认”，高光之后回归现实，一切都没有改变，但是一切都不一样。这种现实的理想主义做派，在热衷“造梦”的动画/国产电影中少见，不得不加星。（我也被木棉砸过，虽然在广州没见过那么漫山遍野的木棉）,57
2021-12-17 18:56:43,吃掉太阳,四星,"大银幕上已经很久看不到穷人了。这是2003年左右的故事，我才意识到，我们国家这些年的确是发展得好快，即便是建筑工人，工资还是不错；留守儿童也都长大了，有的都成了爸妈。但国家强大的背后，很大程度上正是由于牺牲了底层劳动者对于感情的诉求。当然，文本还是有一些瑕疵，但是这种题材的国漫当然应该支持。歌好好听，让我想起了2020年的乐夏，五条人出息了啊！开片就是《道山靓仔》，中间还有椅子乐队的歌，但歌曲之间稍微有点密集，不免有煽情的嫌疑；我很喜欢彩蛋，几个简单的镜头把人瞬间拉回现实。奇迹是给努力的人，但有些现实是即便努力也打不败的。",77
2021-12-31 23:58:58,Mia,五星,一场追逐梦想和现实妥协的矛盾冲突，题材对准了底层劳动人民和留守儿童，虽然影片前半段的“咸鱼翻身”不免俗套，但是不影响后面的燃，所以是要梦想还是要生计？最后结局找到了平衡，狮头挂在那里，生活依旧，梦想也在延续。,90
2021-12-04 16:30:46,老怪,五星,12.04点映，观感很不错啊，质感绝对是国产动画第一梯队的(不清楚是为了模仿胶片质感的噪点还是广东的热浪，有的地方看上挺“杂”)是那种热血运动番的套路故事，前半部分故事有点拖，但是后面节奏起来了就引人入胜了。鲜艳的色彩和击击入心的鼓声，视听盛宴来形容也毫不为过。用《今夜无人入睡》配上脚气，绝对是今年最恶趣味最好笑的片段之一。最后就是，收尾很漂亮，一点不拖泥带水，好评。(另外就是影片格式是2D而没有强行3D大好评),175
2022-01-02 21:24:31,Cici路口,五星,岭南的偏远村镇里就是有很多这种眼睛小小、瘦骨嶙峋、其貌不扬的男孩子啊，这部电影的创作人员多棒呀，愿意把镜头对准他们，愿意承认这些人也有梦想，可以去做一些很厉害的事情。这么真诚的动机，却被你们说成是ruhua。我看，这几个角色形象不ruhua，ruhua的是你们的小肚鸡肠和小人之心。,95
2021-12-24 10:24:26,皮革业,四星,有片方愿意投这种原创、成人向、现实题材动画电影，算是一种进步，给个鼓励分。剧本问题比较大，不说周星驰20年前的文本是否过时，纯喊口号式的二手金句台词实在太尴尬了，也跟片子的现实基底完全不搭。大幅减少对白的第三幕观感立马提升，完全靠视听呈现的高潮收得漂亮，导演明显优于编剧。,29
2021-12-18 12:22:04,扶苏,五星,擎天柱正如到不了的远方，繁花似锦巍峨高耸，敬畏中孕育着冲动与渴望，敲击着疲惫的肉身，在钢筋水泥的丛林中，涌动在胸腔里，不羁地跳动至黎明。木桩阵正如回不去的家乡，故土藏着亲朋的绵长情谊，风中的歌谣日日夜夜地唱着，英雄花把天际烧得火红。致所有无名又炽烈的，卑微又坚毅的，苦痛又执着的灵魂：我们生来如尘土，却耀眼如辉光。,114
2021-12-13 14:41:07,给艾德林的诗,一星,咱也不懂可经验的实际境遇不可能改变后它到底在燃什么，是心境燃烧吗？另外两疑问：1.全红婵家庭贫苦，母亲卧病，苦练跳水，试图改变命运，和阿娟舞狮的目的区别在哪？而前者翻天覆地的变化是否就应该因为赶上了一波波运动式“God-making movement”或因为舞台更大挣得了更大的面子，而就比后者更体面更上档次所以更理所应当？2.对诗仙的千古“励志”绝句误读很大，不考虑李白写出“名人名言”的真实情境，无时无刻不顾场合地随时引用都能“爆燃”斗志，和时刻高喊xxxx就是好有什么区别？人的判断在其中真的存在？这俩疑问如果不能很好回答，《雄狮》的燃就有毒，在一个基尼系数都查不到的地方，少年之脚踏实地只是换个地方打工罢了，传统文化耽误了他仅可能的“好生活”路径，当他努力到中年依旧打工，可就不是弘扬传统文化，而是恨不得扬了传统文化。,223
2022-01-03 20:11:27,小折腾,五星,这么优秀动人的作品 有些人却只能揪着人物眼睛大小这样粗浅的东西打转。。。而且片子里有眼睛大的也有眼睛小的 怎么连自己同胞的长相都不能兼容并包了呢？废柴主角（开头的人设）也非得是大眼帅哥？何况一部宣扬本土文化的国产动画为什么要被冠上RH的荒唐罪名哈哈我不懂但我大受震撼,49
2021-12-08 21:46:43,又又,二星,看预告就觉得没啥兴趣，为了看看为啥口碑这么好评分这么高才去看。结果看的哈欠连天，太无聊了，从第一个镜头到最后一个镜头，从人物设计、笑点设计到剧情转折，全都可以预见，太太太俗套了。当然，动画做是做的不错的，场景太逼真了。但是，真的很无趣，想模仿周星驰也就学了个皮毛，而且周星驰那套都是二十年前的笑点了，现在真的不好笑了啊。,141
2021-12-09 21:15:24,冷水浴缸,四星,真正的现实主义底层叙事从来不等于贩卖情绪主题先行的比惨哭片，只是这几年越来越被消费敷衍玩坏了，庆幸当年有人开先河现如今有人也回过神掰回来，很了不起了。细节出真知，即使有配乐过满台词喊口号结局缺少离场感的问题，但种种细节铺陈是真切的人文关怀，是真现实反而就没有共情，只觉得惨和无能为力，那是血淋淋无法改变的状况。除此之外的一大意义是填补了动画电影的题材空白，其实写实题材动画在其他国家非常多，而国内还享受着把老掉牙的神话传说翻来覆去讲的舒适圈。用动画形式去触及真人电影无法直接展示的议题，也是中特行为一种了，尤其在当前所谓“共富”背景下。有现实意义也有行业意义，某种程度上都很“新”很“奇迹”，一个关于“怎样才能有奇迹”命题，这边建议又名《奇迹》吧来个粤港少年梦幻联动，北文不死哈哈哈哈。,50
2021-12-15 19:49:56,南悠一,三星,开篇念白似国产剧，前半部分喊口号，则像被之前票房成功的几部动画片带到了阴沟里，之后才慢慢找到自己的节奏，犹如迷途中找到方向的主角们一样，可谓表里如一。本片的作者意识，直到影片最后高潮戏才算成立，如果创作者没有察觉到表达背后的立场，便不会这般设计，若不这般设计，片子会陷入更坏的情况（更坏的情况是：这场从底层之苦中挣扎而出的雄狮表演，成为城市里的一场表演景观，底层之苦反而让虚假的口号从正确变得更正确。）,34
2021-12-11 12:57:54,居无间,四星,第三幕让影片境界飞升。关于留守儿童的残酷现实与污泥少年的梦想之光激荡共振，融汇成了一股势不可挡的「气韵」。印象深刻的是一个不起眼的小细节。（女）阿娟带着男友来看舞狮大赛，她满眼是光；于男友，这只是一场看过即忘的比赛，意兴阑珊间拿起了手机。这组人物关系喻指了梦想-现实。为了生活，人总要妥协，将梦想抛却。这是大多数人要面对的「现实」。而在（男）阿娟奋战到底，要成为雄狮时，这种冲劲燃起了她心中的火。从一人擂鼓，到全场擂鼓，那声声鼓点，托起了（男/女）阿娟的梦想，托起了众人之梦想。原来，梦想是可以击败现实的，哪怕只有一瞬。影片的剪辑很棒，还有两处蒙太奇段落之所以触动人心，皆因扣住了这个立意。,65
2021-12-30 10:29:47,像一把刀子,四星,结尾的彩蛋是今年看过的最好的彩蛋。,58
2021-12-31 18:18:08,哆啦Z梦,四星,前半段有点儿尬，但是舞狮的部分都太帅了，感觉经费都花在刀刃上了，难得不是老IP的原创故事，而且还是个完整的故事，少年与大佛的几个桥段都很喜欢，至于闹得沸沸扬扬的人设问题真的感觉矫枉过正了，值得一看的国产动画。,48
2021-12-20 23:27:47,哗啦啦,五星,"就因那乌泱泱的""批判""之音，也得给五星。国产好电影不能被淹死，尤其是一部讲我们自己故事，三观正、技术天花板的现实主义动画电影。昨天批眯眯眼，今天批阿猫阿狗，蠢到飞了。尤其很多千字文的自媒体，水军特征明显，套路痕迹严重，就是不遗余力的点炮赚流量。",73
2021-12-19 21:59:03,萌特斯,三星,故事内核挺俗套，情感很真诚，后半段比前半段好。主角虽然命惨，但是遇上的全是好人，欺少年穷的两组人马一组结尾奇怪洗白，另一组是在结束前十分钟拉出来充boss的工具人……制作和歌很不错，但台词写得非常不好，一个想落地的故事里所有角色的台词都是鸡汤且用词非常不口语，三背李白尬得我直呼救命。导演喜欢周星驰我看出来了，那就建议学学周星驰是怎么写小人物台词的，又是怎么把喜剧元素融合进去的，光会拿梗致敬有什么用呢，只会造成台词甚至对人物塑造的割裂感……最后有个问题，如果舞狮在本地这么火，已经形成了规模型赛事，我不懂师父做舞狮教练难道就赚不到钱吗，就一定非得去卖咸鱼吗？,59
2021-12-22 21:53:00,私享史,四星,难得的脱离神话、脱胎现实的国产动画，对岭南风物与气候、对广州并不光鲜的城市面貌都有着准确把握和再现，聚焦留守儿童的脆弱与进城务工人员的艰辛，结尾华彩段落艺术与技术相得益彰一气呵成并充满了少年气，这些都让本片得以好评。男主角引用李白那段让我想起了巫宁坤的《一滴泪》。但缺点也不少。第一，前半程的节奏、调度、笑料都很混乱而且不搭，导演可能像狮子一样还没睡醒。第二，配乐和插曲十分泛滥，而且风格互相不搭，煽情意图明显。鼓点配乐应该是借鉴了《犬之岛》。第三，作为底层悲催男主角性驱力的富家清纯女这个设定非常败笔。,49
2021-12-27 00:02:48,夷陵老祖魏无羡,一星,丑化中国人的垃圾，滚！跪舔你的洋大人去！主创不配做中国人！怎么什么阿猫阿狗都来碰瓷丹凤眼！,203
2021-12-05 21:25:57,天马星,五星,主角丑丑的没啥宣传，一度以为是烂片，这是19年看《哪吒》之前的感受，今天我又一次体会到了这种惊喜之感，而这部影片就是《雄狮少年》。影片以岭南留守少年阿娟为主角，讲述他为了见在广州打工的父母而参加舞狮比赛的故事，短短的一句简介就已经涉及了留守少年、农民工与舞狮文化的背景，扎根于现实扎根于中国，聚焦中国高速发展四十年背后的人，可以说《雄狮少年》真正地做到了为小人物立传。片中阿娟从软弱到坚强，从不甘到释怀，人物的转变被串联得如此丝滑，作为一个南方人感触颇深，从他念李白的诗开始就一直泪崩到影片结束，加上电影院里太多北方背景的电影了，当看到一部原滋原味的南国文化的影片时，骨子里那种叫做根的东西就被唤醒了。另外影片的配乐品味也是颇高，五条人开场九连真人收尾，光是这OST就值回票价了，如果可以我要爆灯给十,70
2021-12-20 12:12:42,一粒小鱼,四星,三星半，电影表达了很克制的英雄主义，埋伏的周星驰电影梗让人会心一笑，几段热门乐队的配乐与情节非常契合，尤其喜欢结尾的设定，既没有抱得美人归，也没有逆天改命，连天桩也是不可能跳上去的。舞狮大赛后，阿娟还是得去上海打工。仿佛一切都没有变，但一切都已经改变。什么是英雄？不是口号，也绝非浮名，而是在平凡生活中，在进进退退中，不逃避不退缩，无所畏惧地向前走。从另一个层面上也很写实地反映出，民间传统文化已经没办法让人安身立命，所以阿娟最终还是走上了他师父的老路。,47
2021-12-12 18:45:59,新·文森特九六,二星,作为马保国老师的铁粉，多一星给那句“我大意了啊，没有闪”。,147
2021-12-29 11:42:07,范海鑫,一星,滚吧，审美畸形的主创们，你评分到手了 票房呢？,169
2021-12-04 16:34:48,盒子外的猫,一星,0元点映活动去看的，完全浪费了我青春里宝贵的2小时，可能我本身就不是影片的受众年龄层吧，怪自己太天真，以为这种动画也拥有被成人接受的可能性。作为一部动画剧情片，是剧情片诶！叙事这么土，人物也立不起来，女性在里面彻底被扁平化，就算给小孩看也没什么启蒙意义，小孩也是有自省力的群体，小孩就得接受这种教育和熏陶？画面：风景是美的、写实细腻，但人物的动作总有很浓的游戏感？配乐：还ok，有地域特色一个老师曾让我们克制面对作品时的高高在上，观众是上帝，但迟早我们自己也得接受市场和观众的评价。我难过自己其实也根本不够格，可是面对这种烂剧情还是很难过很痛苦，真是double难过了,452
2022-01-01 16:22:09,TBrook,五星,4星+好片。被国内无脑喷子乱扣帽子，所以要支持给5星。1. 动画制作很精良，为国产动画的进步点赞；2. 最后一段很燃，小感动，收尾收得不错。3. 缺点是经费不足，动作戏都很短或直接带过，主线剧情略老套。只要没有意图辱华的，就拒绝喷子乱扣帽子，不然以后可以人人自危，穿西服用互联网说英文都可以被扣帽子。拒绝审美统一，上纲上线,89
2021-12-21 14:22:06,Jwzfzll,五星,前面真的很烂，让我后悔来看，甚至怀疑都是什么人在打分。台词是最拉胯的，用力得过了头，尴尬一逼，剧情也是怎么夸张怎么套路怎么来，真是浪费了好歌好画面。但是从父母回来开始变了，越来越好，特别是那段雨中舞狮和最后一跃，真的很美。鉴于没有猴也没有白蛇哪吒，多给一星以资鼓励。对了，安排女主有男友，且男友不理解她的爱好，属实毫无必要，建议删去。,89
2021-12-23 23:45:54,Urbino,五星,近五年最精彩的国产动画，只能用大胆形容。属于当代中国的故事，制作技术精良，很多镜头layout设计极为讲究，环境刻画无比真实。虽然个别台词有优化的空间，但感动却是无比真实的，音乐更是让全片拔高一层。硬说的话前半个别转场可以做得再好一点。个别角色配音水平也有提高空间，没有全用广普配音是一个遗憾。,86
2021-12-25 16:58:43,Sherlocked,五星,真是用拍真人电影的力气去拍动画 从电影1/3的地方就有点蚌埠住了 所有的手段和方式都能猜到 连结局都那么明显 但是还是哭地不要不要 人生已经如此艰难 为什么我们不能奋斗一个奇迹 对这个片子除了剧情之外的讨论都是无意义的 很明显沉迷在这些讨论里的人 心里都没有一头雄狮,98
2021-12-17 13:34:05,小yo,五星,五星拉满，看的过程中有情不自禁的大笑，也有无法自制的流泪。这是一部既有现实的残忍也有童话美好的影片，或许都没有那么极致，但幻梦交织不正是电影的魅力吗。画面音乐非常优秀，故事可能不那么新颖，但情感上的感染毋庸置疑，非常推荐观看。最后谢谢李白。,82
2021-12-18 22:48:25,小孩儿不哭,五星,真正的英雄主义是知道生活真相后依然热爱生活，这部电影就很好诠释了我们为什么热爱！绝对是我个人年度最佳院线影片了～ （重映不算在内的话）无论从动画效果，3D建模的用心上，色彩把控上，剪辑配乐等方面，还是核心的人物塑造，剧本逻辑，剧情把控，节奏张弛有度，我愿称之为今年华语影视之光！,65
2021-12-10 23:43:13,Jupiter,二星,剧作蹩脚，刻意煽情高燃，新意远远谈不上，映后场直接跑路。@金逸影城杜比影院超前观影,333
2021-12-10 06:04:34,窈七,二星,创作者以为套上留守儿童、小镇困境的现实背景就可以让一个最常见的起点流故事收获共情，然而这种放在热血漫里都只能算无脑冲的爽感设定对于真实漂泊异乡的人而言完全是驴唇不对马嘴。现实中没有无往不利的主角光环，没有一练就超神的主角体质，没有两句话就令他人卖命的主角演讲，更没有放在那里等你去大显身手的机会。强行融合生活的苦难与幻光式的成功才是对现实最大的亵渎，更何况是这种人物转变缺少铺垫、脸谱化失意人设的苦情说教。眯眼画风着实接受无力，借鉴网梗的尴尬笑点更使本就缓慢的叙事节奏更加难熬，唯一亮点的南方地域刻画一旦脱离五条人与九连真人便全然丧失感染力。不能理解这样一部故事平庸、叙事乏力、人设套路、美学崩坏的影片，为何被捧上神坛？多数人缺少的并非是怒吼的勇气，却恰是与生活鏖战的耐心以及与苦难交手终生的底气。,298
2021-12-25 14:01:13,Travis,一星,太尬了，星爷的低级模仿秀，看睡了，浪费时间。,289
2021-12-18 13:45:07,荷纳梨,五星,既现实又理想，既当下又传统，老掉牙的英雄之路的模板，搭设出有血有肉的内核与故事。,65
2021-12-22 22:18:24,不懂一些b内娱,五星,从头哭到了尾，太美了。中国动画终于不再依附于传统英雄，神话传说，而是开始讲述小人物，城市里的无名者，心中有一腔热血的你我他。,97
2021-12-12 17:17:51,待注销,二星,太多剧情都不合逻辑，完全是为了主题硬凑，这先不提。最严重的是没有一个人物的动机是成立的，主角到底为了什么去舞狮根本没说清，一开始说不想被欺负，中间又说想让爸妈看到自己，最后看到女孩有男朋友又失落？合着你是为了女孩才舞狮？阿猫阿狗的动机呢？一个为了看美女，一个为了吃饭，后面也不说了。同村的舞狮队的行为也是前后矛盾的。还有，舞狮这个题材多好啊，关于这项运动的传统、技术、动作，这些都可以做文章啊，结果一点没提。白瞎了这么好的题材！！！再说，最后燃不燃？燃！但这是鼓点和狮子的作用，不是剧情推动出来的。整个影片就是一篇主题先行的中学作文，只要反复喊出主题，就能混个高分。,109
2021-12-11 23:28:58,文森Vincent,三星,【3.0】一部显而易见地吸收了周氏喜剧养分的动画作品。从剧情走向到议题表达，阿娟父母城市务工线恰巧对应了《长江七号》，废材舞狮线则对应了《功夫》和《少林足球》，冷场式的幽默和抖包袱的节奏也佐证着影片对周星驰的学习。至于电影添加的那点儿为多数观众鼓吹的现实残酷鸡血，你要说它好吧，在《百万美元宝贝》这种真正意义上的反励志电影面前，它显得不够狠和准，且最终电影还是回归到“努力就有回报”和“咸鱼翻身人定胜天”的励志叙事；你要说它不好吧，它确实投合了中国年轻一代观众的焦虑，以此实现了商业片的媚众。,35
2021-12-08 21:11:20,KellyWu凯利吴,五星,超乎预期，2021年院线最佳，本质框架上是一个咸鱼翻身，屌丝逆袭的星爷式励志故事，从故事方面来看，其实上并没有更多值得评价的地方。但它确实包装得很完美，建模场景还原真实，聚焦留守乡村少年，广府传统的舞狮文化接地气式还原，如果你是广东的影迷朋友，相信能够更明白我提到的这些点。其实我难以理解这样的好电影为什么在春节档 暑假档没有一席之地呢？不知道哪吒 孙悟空 姜子牙还能消费多久，多来几部像雄狮少年的国产动画不香吗？,73
2021-12-27 13:07:21,妖灵妖,四星,彩蛋升华,16
2021-12-11 23:00:55,獨孤島主,四星,最后画龙点睛式的摇身一变，令其前所有浮浅的动作与印象顷刻升华，正是凡人行止与坚壮决心情难自已地合并，才令一切行动的意义大于舞狮本身。片中女角戏份不多，动人不少，字字句句都奏直击之效，朦胧的情动意转，噙在眼内，榻于心头。当然是不太完美的国漫，但是生猛的、有烟火气味的，这比达到完美要宝贵一些。,23
2021-12-15 19:17:31,五色全味,三星,前半段密集的A貨周星馳和露骨的打雞血簡直看到難忍，連《功夫》的配樂也照模仿不誤；去了廣州後觀感好了許多，現實主義的背景讓故事終於有了一定的本土性，場面處理上也多了原創性，收尾很乾淨俐落。如果能少用點標準國語配音就更好了。,32
2021-12-31 00:52:25,Arianrhod,四星,看前我还五十五十，看后这玩意ru华？我不认！这是弘扬醒狮最好的动画电影，前半段有点拖沓和套路。后半段节奏立刻就上来了，无论是天台练习还是最后跳擎天柱，都做得无与伦比。它不仅热血，还包含着小人物在大城市中的挣扎。结尾的处理恰当好处。主角一开始看是真丑，到最后是真帅！这就是人格魅力让一个并不好看的角色散发光芒，啥都颜值优先，这才是最需要被打破的标签,43
2021-12-12 00:35:50,小镇最菜做题家,四星,在熬过前半段的真空叙事后，影片从少年登上开往广州的大巴车的时刻起精彩了起来，不逃避现实的态度是可贵的，从观众反应来看也是有效的。编剧还写了《燃野》，基本可以看作一本两拍，好在《燃野》犯的错，大部分都被《雄狮》规避掉了。看到最后我哭的很伤心，登上山头的终究是狮头而不是少年，而这就是生活的常态。,45
2021-12-17 14:47:38,桀尘,五星,新国漫天花板,46
2021-12-08 22:01:56,魂,五星,即使是对雄狮一无所知的观众，都能够与主角迅速建立起情感上的联系，因为主创很巧妙的布置让每个观众都能透过这只雄狮看到自己心中的那份不屈，就好比“我命由我不由天”，没有使电影的受众局限在动画与传统文化爱好者这么小众的范围。若是师父师母的支线能再花些笔墨做一些细化，当前已经强而密的情感冲击或许还能得到进一步强化。尤其是第三幕的故事编排，所有的元素细节都被安置在了再合适不过的位置，不是一股脑热无节制地追求情绪宣泄，却也能让观众从中寻找到无穷的精神力量并得到巨大的情感释放。不是最好最完美的电影，却是当下最珍贵的那类作品。,38
2021-12-11 19:06:02,黎耀辉,二星,如果大家能接受《雄狮少年》，为什么不能接受《燃野少年的天空》？,183
2021-12-19 21:56:19,牧宸,五星,我愿誉为“中国现实主义动画”开山之作！非常棒~,113
2021-12-11 18:18:30,阿奇波尔德,五星,从剧本打磨到视效雕琢，一洗被神话新编神魔题材统领多年下，那华而不实又早已呈现出创作倦态的观影体验，甚有加冕国产三维动画里程碑之作的态势，给再多美誉也绝不为过。精美的场景渲染与对毛发液体的极致处理，仿佛偷师了米老鼠近年来开发的诸多核心动画渲染技术，而这个无比中华，又市井气满满的励志故事，却如《百鸟朝凤》般隐忍但洪亮。最值得欣赏的，是导演对阿娟内在性别与外在显影的隐晦暗喻，巧妙的将通俗励志主题上升到对性别体征认知探讨的边缘话题领域，放眼当下刚柔对立的价值观舆论氛围，更显出创作者非凡的艺术觉悟力，届时定要再到IMAX厅感受一次醒狮的魅力,38
2021-12-11 18:01:27,就是个瓜娃子。,二星,只有后20分钟能称得上“好看”两个字，但是电影是一个需要连贯表达的，只有20分钟是好看的电影属实称不上是一个“好电影”，营销可以入选中国新媒体营销诈骗实录top10。我又被骗到了,150
2021-12-20 08:56:52,陈磊,五星,这不比哪吒什么的强多了？,88
2021-12-17 09:56:32,科猩阴间摘棉花,一星,纯粹对舞狮这种文化觉得ex,282
2021-12-13 00:34:26,Pyrojewel,五星,目前心中最棒的国漫。虽然在看之前就能想到大致剧情发展，但是电影一开始我还是被画面色彩构图以及男主的发型深深吸引了，运镜也好棒，在天台那一段真的被戳到…结局的留白也很喜欢。爆夸插曲和片尾曲，打算二刷。ps：眼睁睁看着前排大哥电影看一半就拿起手机豆瓣打了一星！（因为他手机屏幕实在太亮，仿佛手电筒举在了我面前😭）心碎呐喊：我刀呢？,59
2021-12-24 23:57:13,温柔豆沙郁金香,二星,什么叫“平凡人的故事”？？尴尬又中二的台词，悬浮而没逻辑的剧情，动机浅薄且莫名其妙的人物。那些为实现一个梦想  把功夫从小练到大的人们，现实中有多艰难  这些主角成功就有多简单！全靠作弊、喊口号、摆光环，赛制根本没点规矩。最后那个自以为是点睛之笔的，也不尊重传统文化纯属装b。热血？我只觉得愤怒又无语😓,137
2021-12-29 12:10:50,江海寄余生,三星,三星还是四星间犹豫 优点和缺点都太明显  这个话题其实能讲的故事很多 但这部电影最终讲出来的内容 当年徐克用一首《男儿当自强》就都讲完了……,37
2021-12-25 23:50:38,么么酱,五星,真的很烦什么都要吵到乳化上，你这么容易被乳你是什么玻璃？叙事节奏放在真人电影有很多瑕疵，但是放在动画上还能接受。传统题材和底层叙事结合得也很棒，音乐都是我的菜。而且能在中国大陆自己的片里看到真实的乡村，不是诗化也不是丑化的真的很不容易好吗。,90
2021-12-17 21:56:19,暂不留名,四星,大概是老了，最触动我的不是热血的、中二的台词，而是那些现实的、中国的、社畜的场景。明显有很多戏仿周星驰的桥段，甚至可以说内核就是照搬周氏喜剧，这都不要紧，重要的是终于在动画电影里看到一个具体的、亲切的空间环境，并且足以承载一个本土的故事。,47
2021-12-17 23:16:38,InfinityRange,五星,给无所事事的2021来个燃结尾,46
2021-12-17 19:27:32,焱返,五星,作为闽南人也很喜欢，感觉片中每一座房子都像老家的房子，路边混着榕树樟树和芭蕉，木棉花一碗一碗地掉，一股东南沿海的气息。在城市不断崛起的同时，民工子弟的生活却是坠落的。年纪大了就知道这种勇气很难，舞狮踩的高桩就是万重山，“人这一生，上山下山，有自己的路要走”，就常常觉得难走，可是他在楼顶张着双臂，变得结实黝黑，“嘭—嘭—嘭”好像自己的心也在跳。台词有些刻意，剧情问题倒不算大，最喜欢的设计是林中的石佛像，一个具象化的“命运”，使这个片虽不是神话却有一丝神性，那个地方就是隐秘的内心世界，少年半信半疑地向神佛许愿，但实现奇迹的却可能不是佛像而是他心中的狮子。,65
2021-12-11 15:52:32,Not Here,四星,电影里只有逆袭成功的童话，现实中看不见咸鱼一生的平凡。,35
2021-12-20 17:45:57,古头,五星,热血励志又残忍现实，我愿意给满分。岭南小镇、乡间泥路、农村大巴…现实场景的呈现精细到可以以假乱真，舞狮也不只是个传统文化的空壳，这才是国产动画该有的样子！那些张口闭口就是“乳化”的人不是蠢就是坏。,88
2021-12-24 13:46:23,一碗热汤,四星,很土，但很打动人。,47
2021-12-18 23:50:05,NortonHill,五星,这个动画水准是在追赶皮克斯了。浓郁的中国特色故事。外出务工父母，农村留守儿童，梦想的闪耀与现实的捶打，坚持与放弃，一尊大佛的精神寄托，回力鞋，美的广告，双喜搪瓷缸子，这都是典型的中国🇨🇳元素。最后神来之笔是：雄狮昂首挺胸走过大佛！多处细节泪水打转。,89
2021-12-24 22:39:13,fox.psd.不明白,五星,前半部缺点真的不少，好多地方都尬翻了，但是后面节奏越来越好，一飞冲天直接燃爆。另，从中看出了灌篮高手和功夫足球的影子。另另，还能从这片里看出辱华的人是有多自卑？,85
2021-12-17 21:40:24,林雨,五星,可贵的现实主义题材。让人哭，让人燃，又让人翻江倒海。,33
2021-12-17 10:14:52,路人甲,一星,烂桥段，烂画风，还stereotype拉满，真有你的,114
2021-12-25 18:39:51,海葵爸爸,三星,最直观的感受是剧本太糟糕了，很多地方都太低幼，太生硬，太脸谱化，太刻意煽情了。编剧大概没什么底层生活经验，空有一腔关怀。台词中的“我爱你”“如果发生奇迹”“是在慢性自杀吧”“心里有一声怒吼”“是我老公啊”，如果改成“媳妇你真好”“要是老天开眼”“快把自己吃死了”“心里有一股劲”“我家那口子上电视了”，会不会好很多？不上学的留守儿童背李白的诗作为剧情关键转折点，45岁咸鱼店主说出“只要鼓点还能在心中响起，我们就是雄狮”作为关键台词，不真实，也缺乏说服力和感染力。臭脚段落配合帕瓦罗蒂的演唱实在有够低俗。但无论如何也是一部底层人民站在舞台中央的作品，画面美轮美奂怎么夸赞都不为过，还有楼顶孤独舞狮配合打工仔生活蒙太奇的段落，和这个收的恰到好处的结尾，还是值得一个好评！,48
2021-12-27 00:13:33,jcyxxx,一星,爱优腾10年1000亿没白烧，至少培养出了一大批辣鸡观众。,164
2021-12-13 14:17:07,关雅荻,四星,这部国产动画电影了不得，惊艳开场，而第三幕应该是国产电影年度最佳！第三幕我给满分，真厉害！一定大卖，这种电影如果还不卖就没天理了。。。12月17日全国公映，今天和昨天是点映，我是纯路过，因为约了盛志连线聊天，没有任何期待去看的，震惊了。。。所有中国传统文化的元素都没有刻意去卖弄，以及对残酷现实的直面与迎难而上的态度，但又是一部真正创作扎实的优秀作品~“九连真人”的小号🎺在片尾吹响，终于找到了与他最匹配的电影视觉画面，为了这一刻，这部电影值得反复看~,23
2021-12-16 17:46:21,niki,三星,整整煽情了差不多倆小時⋯⋯,36
2021-12-21 22:28:25,我初中就一直在练习变成哪吒,一星,不舍得打低分是因为身边很多朋友真的很爱，画面是真的不错，动作也流畅美丽。【有剧透】但对于生于困难家庭的留守儿童来说他天生并不懂困难是什么，生活不该是这种丧法的，气质上应该更多孤独更多与老人之间相互依赖的情感，跟父母反而是疏离的拧巴的，朋友之间情谊也很单薄，为什么就那么撑兄弟呢？农村孩子们情谊表达的方式也并没体现出来，都只是全员陪跑男主而已没有根据。而女主一出现就跟救世主那样鼓励和扶持他又是出于什么动机呢？在一个互相不认识的语境里，她也不是神，但三番五次鼓励一个不知根知底的人，还诉说人生哲理就很难说服观众买账，跟内地电视剧里的爱情一样发生地毫无理由毫无立足点就爱上了然后要爱一万年非你不可。然，说是贴近生活贴近农村留守儿童主题，恰恰只借了别人惨壳，非黑即白地做自己的燃剧罢了。,75
2021-12-28 23:06:10,巫巫,五星,很久没有底层人民的故事了。对一扫而过的那些镜头反而有了升华的感触——穿着一样工服的快递员，在店门口早上喊加油的房产中介，通勤路上买包子的普通白领。。。大家都不要忘记听自己心里的声音呀！,94
2021-12-18 21:35:33,嫩头青,四星,动画拍出很现实的那种感觉，运镜也是，整体就很工整，但也没什么意外，喜欢那个结尾，武狮从来不会改变人生。,45
2021-12-29 22:36:15,dear Lester,五星,近年国产做得最好的一部。在天台那里特别动人。剧情尚缺，算是国产动画通病了，但电影本身绝对是瑕不掩瑜，画面和人物设计。看了有些连艺术创作和纪录都分不清的评论，我大概也有点想得通为什么国产片的剧情都这么烂……（最后没有说阿娟他爹醒过来我长舒一口气，剧情烂的地方很怪，城市和打工人的关系，阿猫阿狗阿强靠舞狮挣钱的情节，女性阿娟的设计，有时候bgm莫名其妙，种种看起来仿佛是不在一个水平上的两个编剧写了拼起来的）,80
2021-12-13 01:10:40,狗肉,五星,导演把热血玩明白了，顶级制作水平支持起了野心。,38
2021-12-30 00:25:26,静止,四星,擦擦眼泪继续去打工。,29
2021-12-11 20:48:28,饿霸逗地煮,四星,励志片有时候会把观众的视域逼得太窄，比如这部编导在每一个转折点都像打地桩一样对你吼了一句“你要做一头雄狮吗！！？”所以电影到后半段，我耳边只剩下这一句话了，妈的不要做咸鱼啊！妈的顶峰相见啊！少年强则国强啊！道山靓仔啊！老势势啊！澎湃是很澎湃了，但是撸完也就撸完了。无论怎样都是今年最好的一部华语院线。,20
2021-12-08 21:54:11,基瑞尔,四星,从猫崛起成狮，从男孩蜕变为男人；谁曾想到还有首歌的唱词里，竟然也映衬着同为年度奇迹的 “Rollin’ ”。对于传统文化消失之中的着紧拥抱以及身处时代洪流间的主角困扎，有《百鸟朝凤》焦三爷与蓝玉那般神韵；将成长故事的出发无形拔高，也无形弥补了对其它配角脸谱化、台词略微造作的瑕疵。但没想到更出色的是彩蛋，真人剧/电影越来越不允许“平凡人”的故事得到讲述，并飞速地吞噬着这些人的空间；动画提供了最后的庇护，要撑下去，也要讲下去。,21
2021-12-09 23:23:53,老阿飞—故园,五星,青岛今天开始点映。《雄狮少年》太棒了！太棒了……考虑他在目前国内动画市场所拥有的意义，我要给10分。国产动画电影终于在“讲中国故事”这条路上不再围绕神话人物兜兜转转，哪吒和孙悟空可以躺回去不用总被拖出来鞭尸了。这是一部现代中国语境下、充满各种时代细节、地域气息浓厚却几无理解门槛、小孩子看热闹、成年人会共鸣、全年龄的励志喜剧类型片，而他内核实际上是个青年定位，主角线的具体设计在国产动画里是首次出现。全片节奏卡点非常准确，剧本却能突破套路给人猜不到的反转，几场写意段落的演出极为出色，天台的舞狮戏和结尾高潮的醒狮让人眼眶湿润。瑕疵有两点：影片前半某些台词过于中二，猜测是为了拉低观影门槛而做的调整，或者故意与影片后半做区分；某些喜剧段落的连接过渡有点生硬。但这些瑕疵在这部片的现时意义面前我可以忽略。,57
2021-12-20 16:24:31,Trady,四星,可能会是今年暑期档的黑马,6
2022-01-02 22:53:15,苏案,四星,很难得见到国产动画不以神话或者奇幻为素材原型而是描写现实生活。平心而论前半部只是勉强及格的动画电影，情节常规，人物觉醒和困境的突破都没有打到点上，口号喊得略微浮夸尴尬，情感也不流畅。但从天台舞狮一幕开始，整部电影突然蜕变了（除却脚气这个点），随着五段舞狮戏，人物情感层层递进，放弃、激发、面对、对手、自我，流畅而激动人心，半个狮头极富象征意义，化身木棉花的狮身更是充分显现了动画电影的魅力，舞狮时的配乐与节奏和情感也是完美融合。其实到了这个年纪，已经明白一次胜利也不会改变什么，不会有翻身咸鱼更不会有鲤鱼跃龙门。但我们都需要一个狮头，在凌晨的天台帮助我们超越现实，哪怕只是短暂的一刻。,21
2021-12-11 20:31:16,岩井俊七,四星,除了人物外表设计“不符合传统古典审美”外，其他全片都真实到接近不像动画，戳心戳肺的细节完美再现；分镜头、节奏感爆棚，气质大气磅礴，所有参赛舞狮队伍集体击鼓燃爆，然而归根到底这部片的心境却是苦楚悲伤的，黝黑肤色，深深锁骨，一身肌肉，在大城市脱胎换骨的阿娟与妈妈打电话是全片最泪奔场面，所以啊，所以本片成为黑马横空出世，片尾曲里藏着缘由：它不只是励志片，更是一支唱到所有打工人心坎里的歌，是举杯致敬所有离家的人、无名的人、在楼宇的缝隙中残喘谋生的人、我们这些仅仅只是活着就已拼尽全力的人们的，一杯醇厚动人的酒,19
2021-12-12 23:04:55,lakeblur,五星,中国动画真是不断给人惊喜，个人觉得比哪吒好很多，希望票房也不差,34
2021-12-12 18:00:45,王俊俊,四星,西瓜皮顶在头上，狮子头放在心里，是同一个少年背咸鱼跑在乡间，拎行囊住下下铺，不是一个心境山路望不见头，逼着人一直向前走，鼓点念念不忘，如龙鸣狮吼般回响，天台上斑驳的桩印，那是上山的路，擎天柱挂着半个狮头，是跌落的水花佛祖在密林深处，雄狮不言不语，豪车里坐着两个阿娟，那不属于你。大厦的夹缝中你被晃了晃眼，虽跃不过高山，但太阳照常升起。,37
2021-12-11 23:44:33,🌵🌵,无评价,前半段惊喜到了，不是因为对周星驰电影的借鉴，而是对本片没有任何了解的前提下发现它一反潮流选择了现代背景，并且生动地还原了一个南方村镇的空间质地和人物形象，那个阿猫一头蓬乱发型，眯缝眼，宽牙床，破洞牛仔裤，一口浓厚广普，就是印象中的乡下广东仔啊。后半段好在节奏和情节层次，剧情推进在有意识规避陈俗烂套，然而剧作水平跟不上，比如打工和舞狮决赛完全不冲突的两件事必须强行处理成“抉择时刻”，太傻了。至于现实表达，反正我是觉得走马灯式地表现下城市打工生活的辛劳真说明不了个啥，留守儿童也就是个基本设定。女阿娟的阶层暗示和彩蛋算是轻微撩拨了一下下吧。,19
2022-01-01 12:29:50,PP哥,五星,五星好评，有被迫害妄想症的小粉红滚粗～,70
2021-12-11 20:00:23,变形的文科生,三星,前期口碑吊太高真不是好事儿，还挺失望的。总体而言，后半段比前半段强。三流剧本，但因为是动画形式给缓解了不少毛病。为了快速进入热血反抗逆袭，前面喊了很多口号来立角色，但其实这样观众很难共情，就很…说不上来，不真诚你懂吧？就感觉现实生活里导演其实并不憋屈，编剧也没有过得很不好，但是他们想弄底层小人物反抗的故事，于是就产生一种被策划出来的“我命由我不由天”的感觉。你是故意卖，还是真的吃过苦，做出来的东西是不一样的。最后，真的有必要把三个主角的眼睛画得让人那么不适么，不谈刻板印象啥的，总之这样处理观感非常不舒服。,62
2021-12-26 14:36:29,小斑,五星,年度最佳国语电影+OST。狮头的表情生动丰富吊打内娱明星。植被、巷陌、都市都还原准确，满当当有烟火气。飞花和挤过高楼缝隙的朝阳，奇观有，剪切也利落。前程还有故事套路人物脸谱对白口号化的担忧，从预选赛结束开始截然两片，爱情亲情愤怒这些元素在那里，不是人物前进的动力而是压负他的现实，用偶尔的搞笑中和掉狗血气。能赢一次就是奇迹，一次奇迹影响不了现实，但足以照亮自己。并不存《莫欺少年穷》里那样改变的期翼，鼓点只是给自己信心与安慰。这么一想，没有前面那些鸡汤可能不够正能量罢。作为一条出生拿了普通剧本的半干咸鱼，看那些努力生活的姿态本身，就非常美。,14
2021-12-19 21:37:53,等待不是虚度,五星,在神仙打架的缝隙中，难得听到凡人一声咆哮。愿世间有山，比此山更高。,90
2021-12-20 17:38:49,过期糖变质了,五星,凌晨的广州，黑漆漆的夜色，下下铺的阿娟和狮子头的眼睛，都是亮晶晶的。,95
2021-12-11 16:09:38,壹安²,五星,病猫崛起，这激动人心的鼓点能把每个人心里的雄狮唤醒！前段有多丧，后段就有多燃！影院里我一个爆哭，就算是烂泥的人生，也一定要赢一次啊😭,69
2021-12-27 06:35:34,叔循,一星,Em…豆瓣药丸，这除了眯眯眼，剧情难道没有硬伤吗？居然那么多大v出来洗白。,155
2021-12-10 21:18:57,inskino,二星,场景和舞狮表演作画很不错，团队不如多接点这类外包，也许能合作到个像样的编剧,236
2021-12-13 09:08:23,日灼,二星,这种边角料电影只能唤起记忆，而非情感。至于为什么那么多人交口称赞才是值得关注的。,119
2021-12-13 01:55:37,多肉葡萄,五星,到底是为什么？为什么？为什么这样安排？明明大团圆才是最美ending，热血二次元怎么会有翻不过的山，淌不过的河，得不到贵人相助的主角。在这个中国动画四个字还被默认为只给小朋友看的时代下，为什么敢如此明目张胆地对我进行伤害？  《雄狮少年》是可以安利给成年人的浪漫动画，是敢突破一些桎梏和枷锁的，是想做出一些东西的，是有勇气舍弃一些东西的，瑕不掩瑜值得票价，可以看看。,51
2021-12-14 16:24:22,余小岛,四星,病猫崛起，废物翻身。励志和热血的故事之外，意外还有一些现实关怀。农村留守儿童，无法回家的父母，每个人都疲于奔命的广州，以及一闪而过的富士康。卖咸鱼送快递睡下下铺，周星驰讲了那么多年的小人物故事，依旧能够打动人。城市大楼屋顶上舞狮，岭南山区丛林中的大佛，大概这就是支持生活的信念。粤语文化又赢了一次。,26
2021-12-11 21:14:36,20个小明≯,四星,技术没的说了，情感和人物也都没拖后腿，送去奥斯卡没准真能搏一搏呢……,30
2022-01-01 14:45:38,小小虫,五星,太喜欢了！电影展现了人性中最高贵的部分：不认命、不认输、勇敢地创造、以实现自我作为人之为人的最高使命。看得涕泗横流，泪水和欢笑一起迸发。被狠狠打动了（大哭）。,26
2021-12-28 21:48:06,sillygirl,五星,年度最佳。结尾的剪辑节奏绝了，导演有点东西。为什么不在春节上啊？,87
2021-12-15 20:07:47,Berger,无评价,国族寓言。最后要跳上“擎天柱”的情节太狠了，争得第一已经不能再满足，哪怕自己从最高处坠落也要让自己的“狮头”挂上去。有着不顾一切地自我毁灭的冲动。很多时候，我隐隐约约感受到的不是所谓的“小人物”成长，而是压抑过久后集体性的精神爆发，当然这一切都是在“父”的领导下。,15
2021-12-08 21:20:31,判官,四星,很多年前，我在邻居家守着爸妈从广东打来的电话，他们不会问我想不想念，只会问你有没有听爷爷奶奶的话；很多年后，我从小镇来到北京，这里很大楼很高，有很多形色匆忙的人，没有人问你辛不辛苦想不想家。从过去到现在，很少有人问我们这代农村留守儿童从小地方到大城市打工到底经历过什么，有什么委屈。但是现在有部动画片拍出来了，还用“舞狮”为他们造了一个最不可思议的奇迹和最绮丽的梦。那一刻坐在电影院流泪的我，感觉所有的委屈都烟消云散了。这才是电影的价值。,31
2021-12-27 10:46:50,赋新意,一星,夹带私货的文艺作品滚远点，影像艺术人物没有一个有美感就不足于成为一个合格的作品。,148
2022-01-01 12:35:46,ラブ探偵チカ,五星,有几段情节衔接得有点莫名其妙而且确实有几分空喊口号的尴尬感，但是瑕不掩瑜，本广东人在电影院看粤语版看得很过瘾（粤语版里师傅开摩托要载他们几个叫他们不要担心说他“开摩托像天若有情”那样🤣 粤语版看来制作方还是用了心的有梗还押韵，就是男娟的粤语配音有点弱）最后插入五条人的歌比中途用椅子乐团的rollin' on顺耳多了。rollin' on在电影不太合适，男娟阿猫阿狗他们这一代的人生在贫穷落后的小地方出生哪有“厌世”这个说法，他们的人生是没得选的。所以我觉得这个音乐用的不对。另外如果雄狮少年票房不好或者一直有人黑，说“辱华”“得罪广东人”“画得不好看”，那没办法，垃圾观众只配看垃圾作品，国内某些垃圾观众没救的了，（作为一个在广东非珠地区长大的小孩表示身边人比阿娟阿猫阿狗长得丑的人还要多得多了,50
2021-12-23 09:56:20,电光闪噼里啪,五星,任凭心胸狭窄心理阴暗的精神眯眯眼疯狂诋毁，也不能阻止这部动画的声名远扬海内外,67
2021-12-13 00:46:57,ⓞⓥⓞ,五星,如若是春节档，必定会在中国票房榜前列留下一个闪亮的名字，国动之光，2021最佳影片。,99
2021-12-11 00:24:10,Hanly,四星,不出意外的话，《雄狮少年》应该是2021年度最佳国产动画电影。故事极简单，但其中探讨的问题很复杂：如何改变留守儿童的生存现状与未来出路？兴趣爱好是否能当作职业？热血沸腾的比赛过后能留下什么，能改变什么？人活着为了争一口气，那么之后呢？……让人不由得想起《一个农民工思考海德格尔是再正常不过的事》和被物化成玲娜贝儿「内胆」的劳动者。在这个故事里，你能看到繁华过后难以为梦的悲凉，也能看到认清生活的真相后依然热爱生活的英雄主义。好的故事，永远存在多种可能。比起“道山靓仔”阿娟阿猫阿狗的成长，更打动我的其实是“阿珍爱上了阿强”（并为此写了一篇长评）。如果说，只要心里装着鼓点，就是雄狮，那伴随着这份爱的鼓点，足以采到最华丽的头青，跃上最高的擎天柱。,35
2021-12-24 23:07:46,苏黎辉Spike,一星,"年度最过誉影片。影片出现了太多周星驰电影的桥段和设计，很多甚至分镜都一样，已经远超致敬层面了。连音乐也不放过，把《功夫》和《成吉思汗》稍微改改就变成自己原声了吗？《世间始终你好》《十年埋伏》换个版本用。至于麽，真的至于麽。就这样抄周星驰，都抄不好。这什么剧本，什么人物啊。台词内心就全靠喊啊。隔壁喊我命由我不由天，至少用了一整部电影铺垫。这部倒好，一开始就把主题喊出来了。写小学作文也知道要铺垫一下啊，就这么直给啊？美其名曰弘扬传统文化，拍舞狮，却又不讲舞狮，除了片头旁白零星几句，舞狮哪里好，要怎么练，有什么讲究传统，通片只字不提，就光拍拿着狮头跳，只是借个壳子噱头而已。全片优点可能就是舞狮行头的质感了，做的确实不赖。团队少看点《乐夏》和周星驰，做个不偷鸡的作品出来不行麽。",141
2021-12-26 00:36:51,無鴉,五星,"个人心目中年度最近国产电影🈶至于有多佳，写在长评了，短评写不完。在这里我只想说，所有只是因为包括眼睛在内造型原因就说这部剧乳华的人，再见！本广东人，现居佛山，一 点 也 不 觉得被冒犯。本中国广东人拒绝被代表。这是一个好故事、好电影，有优良的制作和扎实的故事，不要被狭隘的思想禁锢而错过了一部好电影。",66
